type,dataset,algorithm,stable,n,seed,reps,batch,wall_ns_med,wall_ns_min,cpu_ns_med,instr_med,cycles_med,counts_accesses,rss_delta_bytes,backend,ok,error,reads,writes,compares,table_reads,table_writes,table_bytes,key_bytes,cmp_flips,traffic_bytes,l1_misses,l2_misses,unmapped,aux_peak_bytes,aux_allocs,max_depth,fallbacks,bad_parts,route,r_sorted,r_reverse,r_runs,r_displaced,r_radix,giveups,splits,split_retries,part_sorts,dict_tries,dict_hits,plan_retries,radix_passes,passes_skipped,order_hash,trace_hash
int32,random,introsort,0,100000,20260912,5,1,4404171,3944417,4399065,16812014,18892091,0,0,linux-perf,1,,,,,,,,,,,,,,,,,,,,,,,,,,,,,,,,,,,
int32,random,timsort,1,100000,20260912,5,1,6896606,6708389,6888316,38689281,32470071,0,0,linux-perf,1,,,,,,,,,,,,,,,,,,,,,,,,,,,,,,,,,,,
int32,random,pdqsort,0,100000,20260912,5,1,4198184,3981718,4193315,14629299,19981954,0,0,linux-perf,1,,,,,,,,,,,,,,,,,,,,,,,,,,,,,,,,,,,
int32,random,mergesort,1,100000,20260912,5,1,4483454,4226644,4478141,21573147,21062516,0,102400,linux-perf,1,,,,,,,,,,,,,,,,,,,,,,,,,,,,,,,,,,,
int32,random,heapsort,0,100000,20260912,5,1,7551876,7173485,7507674,34438871,35159516,0,0,linux-perf,1,,,,,,,,,,,,,,,,,,,,,,,,,,,,,,,,,,,
int32,random,brainsort,1,100000,20260912,5,1,753391,695763,753137,7863384,3365552,0,0,linux-perf,1,,,,,,,,,,,,,,,,,,,,,,,,,,,,,,,,,,,
int32,random,radix11,1,100000,20260912,5,1,580784,473618,580583,9747236,2748308,0,192512,linux-perf,1,,,,,,,,,,,,,,,,,,,,,,,,,,,,,,,,,,,
int32,random,radix16,1,100000,20260912,5,1,664025,451275,663770,5980745,2551106,0,778240,linux-perf,1,,,,,,,,,,,,,,,,,,,,,,,,,,,,,,,,,,,
int32,random,std::sort,0,100000,20260912,5,1,4066452,3610252,4061822,12221801,19243417,0,0,linux-perf,1,,,,,,,,,,,,,,,,,,,,,,,,,,,,,,,,,,,
int32,random,std::stable_sort,1,100000,20260912,5,1,4589106,4495981,4569094,17747774,21719216,0,0,linux-perf,1,,,,,,,,,,,,,,,,,,,,,,,,,,,,,,,,,,,
int32,random,orlp::pdqsort,0,100000,20260912,5,1,3648523,3630177,3644032,11944861,17587676,0,0,linux-perf,1,,,,,,,,,,,,,,,,,,,,,,,,,,,,,,,,,,,
int32,random,orlp::pdqsort_branchless,0,100000,20260912,5,1,1663574,1626884,1661817,19450310,7863530,0,0,linux-perf,1,,,,,,,,,,,,,,,,,,,,,,,,,,,,,,,,,,,
int32,random,gfx::timsort,1,100000,20260912,5,1,5212378,4980357,5206038,25595376,24250589,0,0,linux-perf,1,,,,,,,,,,,,,,,,,,,,,,,,,,,,,,,,,,,
int32,sorted,introsort,0,100000,20260912,5,1,768579,752202,768421,15552358,3601426,0,0,linux-perf,1,,,,,,,,,,,,,,,,,,,,,,,,,,,,,,,,,,,
int32,sorted,timsort,1,100000,20260912,5,1,24004,23242,24321,700558,101922,0,0,linux-perf,1,,,,,,,,,,,,,,,,,,,,,,,,,,,,,,,,,,,
int32,sorted,pdqsort,0,100000,20260912,5,1,62046,56658,62371,1400208,269781,0,0,linux-perf,1,,,,,,,,,,,,,,,,,,,,,,,,,,,,,,,,,,,
int32,sorted,mergesort,1,100000,20260912,5,1,818693,711776,818269,16366691,3792242,0,102400,linux-perf,1,,,,,,,,,,,,,,,,,,,,,,,,,,,,,,,,,,,
int32,sorted,heapsort,0,100000,20260912,5,1,3195597,3069571,3167582,34599282,14905314,0,0,linux-perf,1,,,,,,,,,,,,,,,,,,,,,,,,,,,,,,,,,,,
int32,sorted,brainsort,1,100000,20260912,5,1,33066,19506,33432,476029,112541,0,0,linux-perf,1,,,,,,,,,,,,,,,,,,,,,,,,,,,,,,,,,,,
int32,sorted,radix11,1,100000,20260912,5,1,507272,468118,507011,9747236,2251551,0,192512,linux-perf,1,,,,,,,,,,,,,,,,,,,,,,,,,,,,,,,,,,,
int32,sorted,radix16,1,100000,20260912,5,1,489418,429475,489440,5980743,2174300,0,724992,linux-perf,1,,,,,,,,,,,,,,,,,,,,,,,,,,,,,,,,,,,
int32,sorted,std::sort,0,100000,20260912,5,1,797865,749407,797288,8688990,3575214,0,0,linux-perf,1,,,,,,,,,,,,,,,,,,,,,,,,,,,,,,,,,,,
int32,sorted,std::stable_sort,1,100000,20260912,5,1,448361,437085,448170,9840942,2111191,0,0,linux-perf,1,,,,,,,,,,,,,,,,,,,,,,,,,,,,,,,,,,,
int32,sorted,orlp::pdqsort,0,100000,20260912,5,1,44131,44041,44401,1000196,202721,0,0,linux-perf,1,,,,,,,,,,,,,,,,,,,,,,,,,,,,,,,,,,,
int32,sorted,orlp::pdqsort_branchless,0,100000,20260912,5,1,43991,43661,44281,1000223,202304,0,0,linux-perf,1,,,,,,,,,,,,,,,,,,,,,,,,,,,,,,,,,,,
int32,sorted,gfx::timsort,1,100000,20260912,5,1,25946,25605,26261,600368,114829,0,0,linux-perf,1,,,,,,,,,,,,,,,,,,,,,,,,,,,,,,,,,,,
int32,reverse,introsort,0,100000,20260912,5,1,598369,579803,597944,12088076,2782713,0,0,linux-perf,1,,,,,,,,,,,,,,,,,,,,,,,,,,,,,,,,,,,
int32,reverse,timsort,1,100000,20260912,5,1,55166,55007,55431,1400561,255947,0,0,linux-perf,1,,,,,,,,,,,,,,,,,,,,,,,,,,,,,,,,,,,
int32,reverse,pdqsort,0,100000,20260912,5,1,92558,89173,92762,2450584,418048,0,0,linux-perf,1,,,,,,,,,,,,,,,,,,,,,,,,,,,,,,,,,,,
int32,reverse,mergesort,1,100000,20260912,5,1,880468,848054,879810,21987307,4006626,0,40960,linux-perf,1,,,,,,,,,,,,,,,,,,,,,,,,,,,,,,,,,,,
int32,reverse,heapsort,0,100000,20260912,5,1,3577845,3552839,3573352,35659316,16885081,0,0,linux-perf,1,,,,,,,,,,,,,,,,,,,,,,,,,,,,,,,,,,,
int32,reverse,brainsort,1,100000,20260912,5,1,48307,32716,48811,650877,180106,0,0,linux-perf,1,,,,,,,,,,,,,,,,,,,,,,,,,,,,,,,,,,,
int32,reverse,radix11,1,100000,20260912,5,1,499362,484781,499131,9747235,2333131,0,40960,linux-perf,1,,,,,,,,,,,,,,,,,,,,,,,,,,,,,,,,,,,
int32,reverse,radix16,1,100000,20260912,5,1,404971,399423,404879,5980743,1907187,0,778240,linux-perf,1,,,,,,,,,,,,,,,,,,,,,,,,,,,,,,,,,,,
int32,reverse,std::sort,0,100000,20260912,5,1,453278,446879,453021,7169724,2158698,0,0,linux-perf,1,,,,,,,,,,,,,,,,,,,,,,,,,,,,,,,,,,,
int32,reverse,std::stable_sort,1,100000,20260912,5,1,769686,763998,769037,11013601,3671542,0,0,linux-perf,1,,,,,,,,,,,,,,,,,,,,,,,,,,,,,,,,,,,
int32,reverse,orlp::pdqsort,0,100000,20260912,5,1,71299,70828,71551,1850439,336510,0,0,linux-perf,1,,,,,,,,,,,,,,,,,,,,,,,,,,,,,,,,,,,
int32,reverse,orlp::pdqsort_branchless,0,100000,20260912,5,1,96564,96083,96802,2322470,459537,0,0,linux-perf,1,,,,,,,,,,,,,,,,,,,,,,,,,,,,,,,,,,,
int32,reverse,gfx::timsort,1,100000,20260912,5,1,68176,68095,68652,1300369,319752,0,0,linux-perf,1,,,,,,,,,,,,,,,,,,,,,,,,,,,,,,,,,,,
int32,nearly_sorted,introsort,0,100000,20260912,5,1,885286,878226,884519,15512385,4267700,0,0,linux-perf,1,,,,,,,,,,,,,,,,,,,,,,,,,,,,,,,,,,,
int32,nearly_sorted,timsort,1,100000,20260912,5,1,754494,736681,753947,12815458,3563078,0,0,linux-perf,1,,,,,,,,,,,,,,,,,,,,,,,,,,,,,,,,,,,
int32,nearly_sorted,pdqsort,0,100000,20260912,5,1,510326,477201,510051,6602514,2318502,0,0,linux-perf,1,,,,,,,,,,,,,,,,,,,,,,,,,,,,,,,,,,,
int32,nearly_sorted,mergesort,1,100000,20260912,5,1,810083,780692,809449,17963143,3693800,0,40960,linux-perf,1,,,,,,,,,,,,,,,,,,,,,,,,,,,,,,,,,,,
int32,nearly_sorted,heapsort,0,100000,20260912,5,1,3316743,3306229,3312695,34601357,15924860,0,0,linux-perf,1,,,,,,,,,,,,,,,,,,,,,,,,,,,,,,,,,,,
int32,nearly_sorted,brainsort,1,100000,20260912,5,1,284885,270585,284907,5007495,1336043,0,0,linux-perf,1,,,,,,,,,,,,,,,,,,,,,,,,,,,,,,,,,,,
int32,nearly_sorted,radix11,1,100000,20260912,5,1,492442,484131,492201,9747235,2309446,0,102400,linux-perf,1,,,,,,,,,,,,,,,,,,,,,,,,,,,,,,,,,,,
int32,nearly_sorted,radix16,1,100000,20260912,5,1,427492,411990,427351,5980743,1970662,0,790528,linux-perf,1,,,,,,,,,,,,,,,,,,,,,,,,,,,,,,,,,,,
int32,nearly_sorted,std::sort,0,100000,20260912,5,1,743580,690247,743137,8714077,3321439,0,0,linux-perf,1,,,,,,,,,,,,,,,,,,,,,,,,,,,,,,,,,,,
int32,nearly_sorted,std::stable_sort,1,100000,20260912,5,1,714339,689225,713866,15062918,3251423,0,0,linux-perf,1,,,,,,,,,,,,,,,,,,,,,,,,,,,,,,,,,,,
int32,nearly_sorted,orlp::pdqsort,0,100000,20260912,5,1,404340,395978,404189,5634685,1914865,0,0,linux-perf,1,,,,,,,,,,,,,,,,,,,,,,,,,,,,,,,,,,,
int32,nearly_sorted,orlp::pdqsort_branchless,0,100000,20260912,5,1,503709,498731,503441,8606320,2404135,0,0,linux-perf,1,,,,,,,,,,,,,,,,,,,,,,,,,,,,,,,,,,,
int32,nearly_sorted,gfx::timsort,1,100000,20260912,5,1,549375,487465,549177,4163618,2429166,0,0,linux-perf,1,,,,,,,,,,,,,,,,,,,,,,,,,,,,,,,,,,,
int32,few_unique,introsort,0,100000,20260912,5,1,2165770,2132794,2163308,14343628,10268020,0,0,linux-perf,1,,,,,,,,,,,,,,,,,,,,,,,,,,,,,,,,,,,
int32,few_unique,timsort,1,100000,20260912,5,1,3973624,3847218,3949480,32608872,18819519,0,0,linux-perf,1,,,,,,,,,,,,,,,,,,,,,,,,,,,,,,,,,,,
int32,few_unique,pdqsort,0,100000,20260912,5,1,1629197,1601678,1627506,5740174,7806273,0,0,linux-perf,1,,,,,,,,,,,,,,,,,,,,,,,,,,,,,,,,,,,
int32,few_unique,mergesort,1,100000,20260912,5,1,2894058,2643462,2890776,21528545,13237847,0,102400,linux-perf,1,,,,,,,,,,,,,,,,,,,,,,,,,,,,,,,,,,,
int32,few_unique,heapsort,0,100000,20260912,5,1,5777111,5386775,5770611,34341001,27899889,0,0,linux-perf,1,,,,,,,,,,,,,,,,,,,,,,,,,,,,,,,,,,,
int32,few_unique,brainsort,1,100000,20260912,5,1,549734,457130,550018,9856938,2452260,0,245760,linux-perf,1,,,,,,,,,,,,,,,,,,,,,,,,,,,,,,,,,,,
int32,few_unique,radix11,1,100000,20260912,5,1,432325,414881,432151,9747235,2038655,0,204800,linux-perf,1,,,,,,,,,,,,,,,,,,,,,,,,,,,,,,,,,,,
int32,few_unique,radix16,1,100000,20260912,5,1,296024,292729,296366,5980743,1391320,0,794624,linux-perf,1,,,,,,,,,,,,,,,,,,,,,,,,,,,,,,,,,,,
int32,few_unique,std::sort,0,100000,20260912,5,1,2288179,2054286,2285697,11553312,9642190,0,0,linux-perf,1,,,,,,,,,,,,,,,,,,,,,,,,,,,,,,,,,,,
int32,few_unique,std::stable_sort,1,100000,20260912,5,1,2992418,2793970,2989267,17703258,14082646,0,0,linux-perf,1,,,,,,,,,,,,,,,,,,,,,,,,,,,,,,,,,,,
int32,few_unique,orlp::pdqsort,0,100000,20260912,5,1,1692909,1627717,1691778,4775106,7978660,0,0,linux-perf,1,,,,,,,,,,,,,,,,,,,,,,,,,,,,,,,,,,,
int32,few_unique,orlp::pdqsort_branchless,0,100000,20260912,5,1,660966,637923,660965,7650745,3105922,0,0,linux-perf,1,,,,,,,,,,,,,,,,,,,,,,,,,,,,,,,,,,,
int32,few_unique,gfx::timsort,1,100000,20260912,5,1,3982094,3936480,3977431,18897440,18964367,0,40960,linux-perf,1,,,,,,,,,,,,,,,,,,,,,,,,,,,,,,,,,,,
int32,all_equal,introsort,0,100000,20260912,5,1,551301,521680,550852,14134447,2543819,0,0,linux-perf,1,,,,,,,,,,,,,,,,,,,,,,,,,,,,,,,,,,,
int32,all_equal,timsort,1,100000,20260912,5,1,37994,37102,38371,700558,166056,0,0,linux-perf,1,,,,,,,,,,,,,,,,,,,,,,,,,,,,,,,,,,,
int32,all_equal,pdqsort,0,100000,20260912,5,1,44332,44151,44650,1000432,201159,0,0,linux-perf,1,,,,,,,,,,,,,,,,,,,,,,,,,,,,,,,,,,,
int32,all_equal,mergesort,1,100000,20260912,5,1,943289,845743,942532,16366691,4233818,0,102400,linux-perf,1,,,,,,,,,,,,,,,,,,,,,,,,,,,,,,,,,,,
int32,all_equal,heapsort,0,100000,20260912,5,1,2297785,1907269,2295592,30621882,10626720,0,0,linux-perf,1,,,,,,,,,,,,,,,,,,,,,,,,,,,,,,,,,,,
int32,all_equal,brainsort,1,100000,20260912,5,1,13409,10715,13890,475835,80666,0,0,linux-perf,1,,,,,,,,,,,,,,,,,,,,,,,,,,,,,,,,,,,
int32,all_equal,radix11,1,100000,20260912,5,1,243081,163439,243145,4247158,1113438,0,0,linux-perf,1,,,,,,,,,,,,,,,,,,,,,,,,,,,,,,,,,,,
int32,all_equal,radix16,1,100000,20260912,5,1,161546,157630,162194,2780693,765054,0,73728,linux-perf,1,,,,,,,,,,,,,,,,,,,,,,,,,,,,,,,,,,,
int32,all_equal,std::sort,0,100000,20260912,5,1,713218,665812,712687,12552136,3104838,0,0,linux-perf,1,,,,,,,,,,,,,,,,,,,,,,,,,,,,,,,,,,,
int32,all_equal,std::stable_sort,1,100000,20260912,5,1,667525,622622,667484,9840942,3047892,0,0,linux-perf,1,,,,,,,,,,,,,,,,,,,,,,,,,,,,,,,,,,,
int32,all_equal,orlp::pdqsort,0,100000,20260912,5,1,69717,67064,70171,1000320,288072,0,0,linux-perf,1,,,,,,,,,,,,,,,,,,,,,,,,,,,,,,,,,,,
int32,all_equal,orlp::pdqsort_branchless,0,100000,20260912,5,1,76266,72652,76593,1100348,332943,0,0,linux-perf,1,,,,,,,,,,,,,,,,,,,,,,,,,,,,,,,,,,,
int32,all_equal,gfx::timsort,1,100000,20260912,5,1,32725,16332,33111,600368,150929,0,0,linux-perf,1,,,,,,,,,,,,,,,,,,,,,,,,,,,,,,,,,,,
int32,runs,introsort,0,100000,20260912,5,1,2230102,2131143,2227810,17722426,10288034,0,0,linux-perf,1,,,,,,,,,,,,,,,,,,,,,,,,,,,,,,,,,,,
int32,runs,timsort,1,100000,20260912,5,1,886801,734959,886399,8274450,3923663,0,0,linux-perf,1,,,,,,,,,,,,,,,,,,,,,,,,,,,,,,,,,,,
int32,runs,pdqsort,0,100000,20260912,5,1,1923898,1786210,1890398,14670032,8915677,0,0,linux-perf,1,,,,,,,,,,,,,,,,,,,,,,,,,,,,,,,,,,,
int32,runs,mergesort,1,100000,20260912,5,1,1557530,1386105,1556785,17123345,6750489,0,40960,linux-perf,1,,,,,,,,,,,,,,,,,,,,,,,,,,,,,,,,,,,
int32,runs,heapsort,0,100000,20260912,5,1,5430791,5184176,5424023,34661861,25358344,0,0,linux-perf,1,,,,,,,,,,,,,,,,,,,,,,,,,,,,,,,,,,,
int32,runs,brainsort,1,100000,20260912,5,1,586010,440336,585913,6380174,2622807,0,274432,linux-perf,1,,,,,,,,,,,,,,,,,,,,,,,,,,,,,,,,,,,
int32,runs,radix11,1,100000,20260912,5,1,509123,461687,508831,9747236,2241286,0,102400,linux-perf,1,,,,,,,,,,,,,,,,,,,,,,,,,,,,,,,,,,,
int32,runs,radix16,1,100000,20260912,5,1,456238,388084,456540,5980744,1957759,0,626688,linux-perf,1,,,,,,,,,,,,,,,,,,,,,,,,,,,,,,,,,,,
int32,runs,std::sort,0,100000,20260912,5,1,2059492,2008857,2057376,12357590,9361393,0,0,linux-perf,1,,,,,,,,,,,,,,,,,,,,,,,,,,,,,,,,,,,
int32,runs,std::stable_sort,1,100000,20260912,5,1,1245955,1220378,1245048,12628161,5709776,0,0,linux-perf,1,,,,,,,,,,,,,,,,,,,,,,,,,,,,,,,,,,,
int32,runs,orlp::pdqsort,0,100000,20260912,5,1,1775550,1581703,1773905,12105272,8366192,0,0,linux-perf,1,,,,,,,,,,,,,,,,,,,,,,,,,,,,,,,,,,,
int32,runs,orlp::pdqsort_branchless,0,100000,20260912,5,1,2064099,1632766,2062107,19144963,9622124,0,0,linux-perf,1,,,,,,,,,,,,,,,,,,,,,,,,,,,,,,,,,,,
int32,runs,gfx::timsort,1,100000,20260912,5,1,580552,542318,580293,3312518,2668652,0,0,linux-perf,1,,,,,,,,,,,,,,,,,,,,,,,,,,,,,,,,,,,
int32,organ_pipe,introsort,0,100000,20260912,5,1,4569816,4497885,4564163,50013133,21401669,0,0,linux-perf,1,,,,,,,,,,,,,,,,,,,,,,,,,,,,,,,,,,,
int32,organ_pipe,timsort,1,100000,20260912,5,1,130974,129702,131282,3501081,609841,0,0,linux-perf,1,,,,,,,,,,,,,,,,,,,,,,,,,,,,,,,,,,,
int32,organ_pipe,pdqsort,0,100000,20260912,5,1,1715100,1550820,1713818,17730824,8112199,0,0,linux-perf,1,,,,,,,,,,,,,,,,,,,,,,,,,,,,,,,,,,,
int32,organ_pipe,mergesort,1,100000,20260912,5,1,791757,773822,791328,19351989,3678330,0,102400,linux-perf,1,,,,,,,,,,,,,,,,,,,,,,,,,,,,,,,,,,,
int32,organ_pipe,heapsort,0,100000,20260912,5,1,3643419,3546033,3639172,34808417,17157966,0,0,linux-perf,1,,,,,,,,,,,,,,,,,,,,,,,,,,,,,,,,,,,
int32,organ_pipe,brainsort,1,100000,20260912,5,1,167494,120878,168033,2583010,742962,0,0,linux-perf,1,,,,,,,,,,,,,,,,,,,,,,,,,,,,,,,,,,,
int32,organ_pipe,radix11,1,100000,20260912,5,1,510175,493812,509781,7447208,2421149,0,253952,linux-perf,1,,,,,,,,,,,,,,,,,,,,,,,,,,,,,,,,,,,
int32,organ_pipe,radix16,1,100000,20260912,5,1,329772,252544,329918,5080720,1497063,0,778240,linux-perf,1,,,,,,,,,,,,,,,,,,,,,,,,,,,,,,,,,,,
int32,organ_pipe,std::sort,0,100000,20260912,5,1,4327127,4035719,4304393,32782213,19084973,0,0,linux-perf,1,,,,,,,,,,,,,,,,,,,,,,,,,,,,,,,,,,,
int32,organ_pipe,std::stable_sort,1,100000,20260912,5,1,653263,645853,652796,10976729,3090544,0,0,linux-perf,1,,,,,,,,,,,,,,,,,,,,,,,,,,,,,,,,,,,
int32,organ_pipe,orlp::pdqsort,0,100000,20260912,5,1,1353205,1323603,1351702,14917628,6461479,0,0,linux-perf,1,,,,,,,,,,,,,,,,,,,,,,,,,,,,,,,,,,,
int32,organ_pipe,orlp::pdqsort_branchless,0,100000,20260912,5,1,1675125,1643090,1673288,22762067,7971655,0,0,linux-perf,1,,,,,,,,,,,,,,,,,,,,,,,,,,,,,,,,,,,
int32,organ_pipe,gfx::timsort,1,100000,20260912,5,1,96966,96595,97213,2401151,458909,0,0,linux-perf,1,,,,,,,,,,,,,,,,,,,,,,,,,,,,,,,,,,,
int32,small_range,introsort,0,100000,20260912,5,1,1392788,1098156,1391401,14661001,6170150,0,0,linux-perf,1,,,,,,,,,,,,,,,,,,,,,,,,,,,,,,,,,,,
int32,small_range,timsort,1,100000,20260912,5,1,2330102,2229651,2292791,21967658,10836471,0,0,linux-perf,1,,,,,,,,,,,,,,,,,,,,,,,,,,,,,,,,,,,
int32,small_range,pdqsort,0,100000,20260912,5,1,546115,542180,545762,2338557,2618923,0,0,linux-perf,1,,,,,,,,,,,,,,,,,,,,,,,,,,,,,,,,,,,
int32,small_range,mergesort,1,100000,20260912,5,1,1663317,1540636,1661568,20289223,7855828,0,102400,linux-perf,1,,,,,,,,,,,,,,,,,,,,,,,,,,,,,,,,,,,
int32,small_range,heapsort,0,100000,20260912,5,1,2904746,2855737,2901325,33283482,13795914,0,0,linux-perf,1,,,,,,,,,,,,,,,,,,,,,,,,,,,,,,,,,,,
int32,small_range,brainsort,1,100000,20260912,5,1,147928,113851,148214,2458005,704740,0,0,linux-perf,1,,,,,,,,,,,,,,,,,,,,,,,,,,,,,,,,,,,
int32,small_range,radix11,1,100000,20260912,5,1,285423,282549,285586,6547185,1362733,0,253952,linux-perf,1,,,,,,,,,,,,,,,,,,,,,,,,,,,,,,,,,,,
int32,small_range,radix16,1,100000,20260912,5,1,371755,245557,372188,5080721,1633562,0,778240,linux-perf,1,,,,,,,,,,,,,,,,,,,,,,,,,,,,,,,,,,,
int32,small_range,std::sort,0,100000,20260912,5,1,1104199,1090921,1103115,12552251,5177987,0,0,linux-perf,1,,,,,,,,,,,,,,,,,,,,,,,,,,,,,,,,,,,
int32,small_range,std::stable_sort,1,100000,20260912,5,1,1527257,1496424,1525695,16018095,7110591,0,0,linux-perf,1,,,,,,,,,,,,,,,,,,,,,,,,,,,,,,,,,,,
int32,small_range,orlp::pdqsort,0,100000,20260912,5,1,581071,532032,581153,2000997,2763657,0,0,linux-perf,1,,,,,,,,,,,,,,,,,,,,,,,,,,,,,,,,,,,
int32,small_range,orlp::pdqsort_branchless,0,100000,20260912,5,1,177190,165012,177535,2889087,830627,0,0,linux-perf,1,,,,,,,,,,,,,,,,,,,,,,,,,,,,,,,,,,,
int32,small_range,gfx::timsort,1,100000,20260912,5,1,2387393,2190825,2385454,10167481,11229939,0,0,linux-perf,1,,,,,,,,,,,,,,,,,,,,,,,,,,,,,,,,,,,
int32,sawtooth,introsort,0,100000,20260912,5,1,2601475,2462788,2570579,16851536,11801406,0,0,linux-perf,1,,,,,,,,,,,,,,,,,,,,,,,,,,,,,,,,,,,
int32,sawtooth,timsort,1,100000,20260912,5,1,919139,827059,918810,14624144,4242938,0,0,linux-perf,1,,,,,,,,,,,,,,,,,,,,,,,,,,,,,,,,,,,
int32,sawtooth,pdqsort,0,100000,20260912,5,1,1605588,1560259,1604406,9687805,7439880,0,0,linux-perf,1,,,,,,,,,,,,,,,,,,,,,,,,,,,,,,,,,,,
int32,sawtooth,mergesort,1,100000,20260912,5,1,1913628,1434635,1911828,17525256,6441536,0,40960,linux-perf,1,,,,,,,,,,,,,,,,,,,,,,,,,,,,,,,,,,,
int32,sawtooth,heapsort,0,100000,20260912,5,1,5903227,5780703,5896012,34537653,27801005,0,0,linux-perf,1,,,,,,,,,,,,,,,,,,,,,,,,,,,,,,,,,,,
int32,sawtooth,brainsort,1,100000,20260912,5,1,317698,219460,318226,4164541,1386652,0,229376,linux-perf,1,,,,,,,,,,,,,,,,,,,,,,,,,,,,,,,,,,,
int32,sawtooth,radix11,1,100000,20260912,5,1,438990,348663,439271,6547185,1947306,0,204800,linux-perf,1,,,,,,,,,,,,,,,,,,,,,,,,,,,,,,,,,,,
int32,sawtooth,radix16,1,100000,20260912,5,1,266737,251626,266647,5080720,1280091,0,729088,linux-perf,1,,,,,,,,,,,,,,,,,,,,,,,,,,,,,,,,,,,
int32,sawtooth,std::sort,0,100000,20260912,5,1,2092281,1963855,2069312,12073671,9272257,0,0,linux-perf,1,,,,,,,,,,,,,,,,,,,,,,,,,,,,,,,,,,,
int32,sawtooth,std::stable_sort,1,100000,20260912,5,1,715331,661255,714976,13890788,3241291,0,0,linux-perf,1,,,,,,,,,,,,,,,,,,,,,,,,,,,,,,,,,,,
int32,sawtooth,orlp::pdqsort,0,100000,20260912,5,1,1374191,1234783,1373181,8043368,6322803,0,0,linux-perf,1,,,,,,,,,,,,,,,,,,,,,,,,,,,,,,,,,,,
int32,sawtooth,orlp::pdqsort_branchless,0,100000,20260912,5,1,1065906,996257,1065214,13062816,4915091,0,0,linux-perf,1,,,,,,,,,,,,,,,,,,,,,,,,,,,,,,,,,,,
int32,sawtooth,gfx::timsort,1,100000,20260912,5,1,588972,454702,588764,7970465,2761694,0,40960,linux-perf,1,,,,,,,,,,,,,,,,,,,,,,,,,,,,,,,,,,,
int32,prefixed,introsort,0,100000,20260912,5,1,4311916,4185927,4306793,16869662,20299216,0,0,linux-perf,1,,,,,,,,,,,,,,,,,,,,,,,,,,,,,,,,,,,
int32,prefixed,timsort,1,100000,20260912,5,1,6738014,6136270,6729609,38743057,31224250,0,0,linux-perf,1,,,,,,,,,,,,,,,,,,,,,,,,,,,,,,,,,,,
int32,prefixed,pdqsort,0,100000,20260912,5,1,4231698,3987922,4200865,14608152,19728011,0,0,linux-perf,1,,,,,,,,,,,,,,,,,,,,,,,,,,,,,,,,,,,
int32,prefixed,mergesort,1,100000,20260912,5,1,4173525,4089136,4149524,21560916,19560264,0,40960,linux-perf,1,,,,,,,,,,,,,,,,,,,,,,,,,,,,,,,,,,,
int32,prefixed,heapsort,0,100000,20260912,5,1,6202667,6165378,6194716,34434668,29272634,0,0,linux-perf,1,,,,,,,,,,,,,,,,,,,,,,,,,,,,,,,,,,,
int32,prefixed,brainsort,1,100000,20260912,5,1,292144,290711,292106,6136423,1395864,0,204800,linux-perf,1,,,,,,,,,,,,,,,,,,,,,,,,,,,,,,,,,,,
int32,prefixed,radix11,1,100000,20260912,5,1,344957,339719,344877,7447208,1617506,0,253952,linux-perf,1,,,,,,,,,,,,,,,,,,,,,,,,,,,,,,,,,,,
int32,prefixed,radix16,1,100000,20260912,5,1,369362,360459,369309,5980743,1716035,0,778240,linux-perf,1,,,,,,,,,,,,,,,,,,,,,,,,,,,,,,,,,,,
int32,prefixed,std::sort,0,100000,20260912,5,1,3618361,3603590,3613963,12251222,17232297,0,0,linux-perf,1,,,,,,,,,,,,,,,,,,,,,,,,,,,,,,,,,,,
int32,prefixed,std::stable_sort,1,100000,20260912,5,1,4418452,4257794,4413071,17741954,20719641,0,0,linux-perf,1,,,,,,,,,,,,,,,,,,,,,,,,,,,,,,,,,,,
int32,prefixed,orlp::pdqsort,0,100000,20260912,5,1,3676312,3671245,3671724,11961277,17608993,0,0,linux-perf,1,,,,,,,,,,,,,,,,,,,,,,,,,,,,,,,,,,,
int32,prefixed,orlp::pdqsort_branchless,0,100000,20260912,5,1,1931218,1614731,1929223,19204124,9039270,0,0,linux-perf,1,,,,,,,,,,,,,,,,,,,,,,,,,,,,,,,,,,,
int32,prefixed,gfx::timsort,1,100000,20260912,5,1,5168640,5095438,5155766,25565897,24397603,0,102400,linux-perf,1,,,,,,,,,,,,,,,,,,,,,,,,,,,,,,,,,,,
int32,sparse_bits,introsort,0,100000,20260912,5,1,2664683,2497157,2660210,14298573,12505389,0,0,linux-perf,1,,,,,,,,,,,,,,,,,,,,,,,,,,,,,,,,,,,
int32,sparse_bits,timsort,1,100000,20260912,5,1,4599797,4268910,4594523,34294495,21950319,0,0,linux-perf,1,,,,,,,,,,,,,,,,,,,,,,,,,,,,,,,,,,,
int32,sparse_bits,pdqsort,0,100000,20260912,5,1,2039681,1975440,2037586,6823212,9570462,0,0,linux-perf,1,,,,,,,,,,,,,,,,,,,,,,,,,,,,,,,,,,,
int32,sparse_bits,mergesort,1,100000,20260912,5,1,3231164,2965889,3227512,21559889,15151054,0,102400,linux-perf,1,,,,,,,,,,,,,,,,,,,,,,,,,,,,,,,,,,,
int32,sparse_bits,heapsort,0,100000,20260912,5,1,7747453,5898476,7705294,34394112,36189537,0,0,linux-perf,1,,,,,,,,,,,,,,,,,,,,,,,,,,,,,,,,,,,
int32,sparse_bits,brainsort,1,100000,20260912,5,1,230258,221186,230365,4066152,1091266,0,249856,linux-perf,1,,,,,,,,,,,,,,,,,,,,,,,,,,,,,,,,,,,
int32,sparse_bits,radix11,1,100000,20260912,5,1,472017,322129,472105,7447209,2113139,0,200704,linux-perf,1,,,,,,,,,,,,,,,,,,,,,,,,,,,,,,,,,,,
int32,sparse_bits,radix16,1,100000,20260912,5,1,1006832,968067,1005992,5980744,4787824,0,798720,linux-perf,1,,,,,,,,,,,,,,,,,,,,,,,,,,,,,,,,,,,
int32,sparse_bits,std::sort,0,100000,20260912,5,1,2337808,2330328,2335402,11263175,11133438,0,0,linux-perf,1,,,,,,,,,,,,,,,,,,,,,,,,,,,,,,,,,,,
int32,sparse_bits,std::stable_sort,1,100000,20260912,5,1,3254403,3035491,3250614,17731746,15387089,0,0,linux-perf,1,,,,,,,,,,,,,,,,,,,,,,,,,,,,,,,,,,,
int32,sparse_bits,orlp::pdqsort,0,100000,20260912,5,1,2113769,2084408,2111888,5674957,9997866,0,0,linux-perf,1,,,,,,,,,,,,,,,,,,,,,,,,,,,,,,,,,,,
int32,sparse_bits,orlp::pdqsort_branchless,0,100000,20260912,5,1,551004,535462,550652,9196717,2580297,0,0,linux-perf,1,,,,,,,,,,,,,,,,,,,,,,,,,,,,,,,,,,,
int32,sparse_bits,gfx::timsort,1,100000,20260912,5,1,3877805,3876539,3873223,20631726,18506594,0,102400,linux-perf,1,,,,,,,,,,,,,,,,,,,,,,,,,,,,,,,,,,,
double,random,introsort,0,100000,20260912,5,1,5794740,5454454,5788211,19299025,27495448,0,0,linux-perf,1,,,,,,,,,,,,,,,,,,,,,,,,,,,,,,,,,,,
double,random,timsort,1,100000,20260912,5,1,7812512,7782119,7802156,45066650,37435699,0,0,linux-perf,1,,,,,,,,,,,,,,,,,,,,,,,,,,,,,,,,,,,
double,random,pdqsort,0,100000,20260912,5,1,5759259,5664264,5751820,19244340,27542335,0,0,linux-perf,1,,,,,,,,,,,,,,,,,,,,,,,,,,,,,,,,,,,
double,random,mergesort,1,100000,20260912,5,1,6443952,6257066,6435475,25528299,30794582,0,0,linux-perf,1,,,,,,,,,,,,,,,,,,,,,,,,,,,,,,,,,,,
double,random,heapsort,0,100000,20260912,5,1,9427732,9380841,9414473,45503185,45259506,0,0,linux-perf,1,,,,,,,,,,,,,,,,,,,,,,,,,,,,,,,,,,,
double,random,brainsort,1,100000,20260912,5,1,1018690,1005600,1017653,18763265,4787923,0,0,linux-perf,1,,,,,,,,,,,,,,,,,,,,,,,,,,,,,,,,,,,
double,random,radix11,1,100000,20260912,5,1,1188546,1181395,1187277,23693496,5646491,0,0,linux-perf,1,,,,,,,,,,,,,,,,,,,,,,,,,,,,,,,,,,,
double,random,radix16,1,100000,20260912,5,1,1230098,1170628,1228827,18460509,5724299,0,888832,linux-perf,1,,,,,,,,,,,,,,,,,,,,,,,,,,,,,,,,,,,
double,random,std::sort,0,100000,20260912,5,1,5270547,5253380,5263229,13019627,25406769,0,0,linux-perf,1,,,,,,,,,,,,,,,,,,,,,,,,,,,,,,,,,,,
double,random,std::stable_sort,1,100000,20260912,5,1,5852131,5837939,5844903,17987801,27834116,0,0,linux-perf,1,,,,,,,,,,,,,,,,,,,,,,,,,,,,,,,,,,,
double,random,orlp::pdqsort,0,100000,20260912,5,1,5831981,5390818,5824832,12338311,26139636,0,0,linux-perf,1,,,,,,,,,,,,,,,,,,,,,,,,,,,,,,,,,,,
double,random,orlp::pdqsort_branchless,0,100000,20260912,5,1,2655865,2564122,2653045,19930143,12546298,0,0,linux-perf,1,,,,,,,,,,,,,,,,,,,,,,,,,,,,,,,,,,,
double,random,gfx::timsort,1,100000,20260912,5,1,7496321,6881717,7486519,27852375,34870683,0,0,linux-perf,1,,,,,,,,,,,,,,,,,,,,,,,,,,,,,,,,,,,
double,sorted,introsort,0,100000,20260912,5,1,1538486,1167653,1537800,17314091,7202192,0,0,linux-perf,1,,,,,,,,,,,,,,,,,,,,,,,,,,,,,,,,,,,
double,sorted,timsort,1,100000,20260912,5,1,117421,75573,118278,900535,309637,0,0,linux-perf,1,,,,,,,,,,,,,,,,,,,,,,,,,,,,,,,,,,,
double,sorted,pdqsort,0,100000,20260912,5,1,70826,70716,71112,1800221,359700,0,0,linux-perf,1,,,,,,,,,,,,,,,,,,,,,,,,,,,,,,,,,,,
double,sorted,mergesort,1,100000,20260912,5,1,1354404,1093933,1353430,18401864,5829068,0,0,linux-perf,1,,,,,,,,,,,,,,,,,,,,,,,,,,,,,,,,,,,
double,sorted,heapsort,0,100000,20260912,5,1,6394881,5428284,6387559,45862081,25694440,0,0,linux-perf,1,,,,,,,,,,,,,,,,,,,,,,,,,,,,,,,,,,,
double,sorted,brainsort,1,100000,20260912,5,1,57092,50498,57841,813582,232920,0,0,linux-perf,1,,,,,,,,,,,,,,,,,,,,,,,,,,,,,,,,,,,
double,sorted,radix11,1,100000,20260912,5,1,1816776,1742417,1823681,23693497,8635779,0,0,linux-perf,1,,,,,,,,,,,,,,,,,,,,,,,,,,,,,,,,,,,
double,sorted,radix16,1,100000,20260912,5,1,1929056,1845628,1934453,18460510,9077768,0,942080,linux-perf,1,,,,,,,,,,,,,,,,,,,,,,,,,,,,,,,,,,,
double,sorted,std::sort,0,100000,20260912,5,1,977129,953953,980432,10094800,4516239,0,0,linux-perf,1,,,,,,,,,,,,,,,,,,,,,,,,,,,,,,,,,,,
double,sorted,std::stable_sort,1,100000,20260912,5,1,904516,877170,907591,10101173,4203001,0,0,linux-perf,1,,,,,,,,,,,,,,,,,,,,,,,,,,,,,,,,,,,
double,sorted,orlp::pdqsort,0,100000,20260912,5,1,84765,76972,85642,1100185,362540,0,0,linux-perf,1,,,,,,,,,,,,,,,,,,,,,,,,,,,,,,,,,,,
double,sorted,orlp::pdqsort_branchless,0,100000,20260912,5,1,88626,80704,89283,1100218,377807,0,0,linux-perf,1,,,,,,,,,,,,,,,,,,,,,,,,,,,,,,,,,,,
double,sorted,gfx::timsort,1,100000,20260912,5,1,54046,52510,54722,600351,226252,0,0,linux-perf,1,,,,,,,,,,,,,,,,,,,,,,,,,,,,,,,,,,,
double,reverse,introsort,0,100000,20260912,5,1,1204435,1082506,1208097,13852307,5598310,0,0,linux-perf,1,,,,,,,,,,,,,,,,,,,,,,,,,,,,,,,,,,,
double,reverse,timsort,1,100000,20260912,5,1,123526,118667,124472,1750542,500971,0,0,linux-perf,1,,,,,,,,,,,,,,,,,,,,,,,,,,,,,,,,,,,
double,reverse,pdqsort,0,100000,20260912,5,1,157507,131108,158353,3250706,755091,0,0,linux-perf,1,,,,,,,,,,,,,,,,,,,,,,,,,,,,,,,,,,,
double,reverse,mergesort,1,100000,20260912,5,1,1066484,1036662,1069415,24060300,5019951,0,0,linux-perf,1,,,,,,,,,,,,,,,,,,,,,,,,,,,,,,,,,,,
double,reverse,heapsort,0,100000,20260912,5,1,6219898,5055881,6207085,46989930,28664982,0,0,linux-perf,1,,,,,,,,,,,,,,,,,,,,,,,,,,,,,,,,,,,
double,reverse,brainsort,1,100000,20260912,5,1,98637,82176,99462,1100926,441057,0,0,linux-perf,1,,,,,,,,,,,,,,,,,,,,,,,,,,,,,,,,,,,
double,reverse,radix11,1,100000,20260912,5,1,1935625,1666413,1941483,23693496,8984261,0,0,linux-perf,1,,,,,,,,,,,,,,,,,,,,,,,,,,,,,,,,,,,
double,reverse,radix16,1,100000,20260912,5,1,1471992,1290372,1476193,18460508,6866589,0,937984,linux-perf,1,,,,,,,,,,,,,,,,,,,,,,,,,,,,,,,,,,,
double,reverse,std::sort,0,100000,20260912,5,1,803078,719296,805599,7914585,3788668,0,0,linux-perf,1,,,,,,,,,,,,,,,,,,,,,,,,,,,,,,,,,,,
double,reverse,std::stable_sort,1,100000,20260912,5,1,1319938,1013369,1323876,11274606,6094475,0,0,linux-perf,1,,,,,,,,,,,,,,,,,,,,,,,,,,,,,,,,,,,
double,reverse,orlp::pdqsort,0,100000,20260912,5,1,163224,146683,164013,1950453,738643,0,0,linux-perf,1,,,,,,,,,,,,,,,,,,,,,,,,,,,,,,,,,,,
double,reverse,orlp::pdqsort_branchless,0,100000,20260912,5,1,114269,113840,114913,2574833,564388,0,0,linux-perf,1,,,,,,,,,,,,,,,,,,,,,,,,,,,,,,,,,,,
double,reverse,gfx::timsort,1,100000,20260912,5,1,104572,63549,106002,1200355,425879,0,0,linux-perf,1,,,,,,,,,,,,,,,,,,,,,,,,,,,,,,,,,,,
double,nearly_sorted,introsort,0,100000,20260912,5,1,1406240,1173959,1410512,17279173,6510040,0,0,linux-perf,1,,,,,,,,,,,,,,,,,,,,,,,,,,,,,,,,,,,
double,nearly_sorted,timsort,1,100000,20260912,5,1,1096143,919342,1099885,14510639,5162098,0,0,linux-perf,1,,,,,,,,,,,,,,,,,,,,,,,,,,,,,,,,,,,
double,nearly_sorted,pdqsort,0,100000,20260912,5,1,636043,605007,638025,9199101,3009680,0,0,linux-perf,1,,,,,,,,,,,,,,,,,,,,,,,,,,,,,,,,,,,
double,nearly_sorted,mergesort,1,100000,20260912,5,1,996469,915092,999353,21461258,4486132,0,0,linux-perf,1,,,,,,,,,,,,,,,,,,,,,,,,,,,,,,,,,,,
double,nearly_sorted,heapsort,0,100000,20260912,5,1,4738847,4470448,4752473,45856647,22474041,0,0,linux-perf,1,,,,,,,,,,,,,,,,,,,,,,,,,,,,,,,,,,,
double,nearly_sorted,brainsort,1,100000,20260912,5,1,376827,354828,378099,5862268,1858710,0,0,linux-perf,1,,,,,,,,,,,,,,,,,,,,,,,,,,,,,,,,,,,
double,nearly_sorted,radix11,1,100000,20260912,5,1,1190689,1156530,1194048,23693496,5573326,0,0,linux-perf,1,,,,,,,,,,,,,,,,,,,,,,,,,,,,,,,,,,,
double,nearly_sorted,radix16,1,100000,20260912,5,1,1181161,1151612,1184448,18460509,5600909,0,937984,linux-perf,1,,,,,,,,,,,,,,,,,,,,,,,,,,,,,,,,,,,
double,nearly_sorted,std::sort,0,100000,20260912,5,1,750073,740037,752147,10104102,3615400,0,0,linux-perf,1,,,,,,,,,,,,,,,,,,,,,,,,,,,,,,,,,,,
double,nearly_sorted,std::stable_sort,1,100000,20260912,5,1,820107,800493,822519,15305007,3844342,0,0,linux-perf,1,,,,,,,,,,,,,,,,,,,,,,,,,,,,,,,,,,,
double,nearly_sorted,orlp::pdqsort,0,100000,20260912,5,1,517624,483954,519772,5765772,2414569,0,0,linux-perf,1,,,,,,,,,,,,,,,,,,,,,,,,,,,,,,,,,,,
double,nearly_sorted,orlp::pdqsort_branchless,0,100000,20260912,5,1,567266,548191,569053,8805740,2677125,0,0,linux-perf,1,,,,,,,,,,,,,,,,,,,,,,,,,,,,,,,,,,,
double,nearly_sorted,gfx::timsort,1,100000,20260912,5,1,839382,804037,842259,4771002,4044348,0,0,linux-perf,1,,,,,,,,,,,,,,,,,,,,,,,,,,,,,,,,,,,
double,few_unique,introsort,0,100000,20260912,5,1,3080683,2942664,3087691,17333272,14490421,0,0,linux-perf,1,,,,,,,,,,,,,,,,,,,,,,,,,,,,,,,,,,,
double,few_unique,timsort,1,100000,20260912,5,1,5478914,5132050,5490664,37228248,25713239,0,0,linux-perf,1,,,,,,,,,,,,,,,,,,,,,,,,,,,,,,,,,,,
double,few_unique,pdqsort,0,100000,20260912,5,1,2421819,2376026,2427195,8199869,11504037,0,0,linux-perf,1,,,,,,,,,,,,,,,,,,,,,,,,,,,,,,,,,,,
double,few_unique,mergesort,1,100000,20260912,5,1,4042487,3830334,4051086,25468640,18954189,0,0,linux-perf,1,,,,,,,,,,,,,,,,,,,,,,,,,,,,,,,,,,,
double,few_unique,heapsort,0,100000,20260912,5,1,8372859,7979728,8389750,45379667,39608706,0,0,linux-perf,1,,,,,,,,,,,,,,,,,,,,,,,,,,,,,,,,,,,
double,few_unique,brainsort,1,100000,20260912,5,1,627822,573106,629824,7875900,2885259,0,0,linux-perf,1,,,,,,,,,,,,,,,,,,,,,,,,,,,,,,,,,,,
double,few_unique,radix11,1,100000,20260912,5,1,2213592,1653752,2175779,23693514,7742667,0,0,linux-perf,1,,,,,,,,,,,,,,,,,,,,,,,,,,,,,,,,,,,
double,few_unique,radix16,1,100000,20260912,5,1,1038190,812653,1041418,18460513,4622765,0,946176,linux-perf,1,,,,,,,,,,,,,,,,,,,,,,,,,,,,,,,,,,,
double,few_unique,std::sort,0,100000,20260912,5,1,2934430,2845017,2941267,12133957,13822593,0,0,linux-perf,1,,,,,,,,,,,,,,,,,,,,,,,,,,,,,,,,,,,
double,few_unique,std::stable_sort,1,100000,20260912,5,1,12996065,4158774,13022784,17946567,19997916,0,0,linux-perf,1,,,,,,,,,,,,,,,,,,,,,,,,,,,,,,,,,,,
double,few_unique,orlp::pdqsort,0,100000,20260912,5,1,2449402,2225730,2455030,5018737,10521379,0,0,linux-perf,1,,,,,,,,,,,,,,,,,,,,,,,,,,,,,,,,,,,
double,few_unique,orlp::pdqsort_branchless,0,100000,20260912,5,1,855870,804328,858859,7921960,3883816,0,0,linux-perf,1,,,,,,,,,,,,,,,,,,,,,,,,,,,,,,,,,,,
double,few_unique,gfx::timsort,1,100000,20260912,5,1,5689273,5054009,5701385,21672726,26309433,0,0,linux-perf,1,,,,,,,,,,,,,,,,,,,,,,,,,,,,,,,,,,,
double,all_equal,introsort,0,100000,20260912,5,1,1042568,781422,1045874,16409740,4848495,0,0,linux-perf,1,,,,,,,,,,,,,,,,,,,,,,,,,,,,,,,,,,,
double,all_equal,timsort,1,100000,20260912,5,1,35114,33967,35561,900534,155592,0,0,linux-perf,1,,,,,,,,,,,,,,,,,,,,,,,,,,,,,,,,,,,
double,all_equal,pdqsort,0,100000,20260912,5,1,115562,77733,116792,1500496,477781,0,0,linux-perf,1,,,,,,,,,,,,,,,,,,,,,,,,,,,,,,,,,,,
double,all_equal,mergesort,1,100000,20260912,5,1,1087004,857059,1090026,18401867,4817972,0,0,linux-perf,1,,,,,,,,,,,,,,,,,,,,,,,,,,,,,,,,,,,
double,all_equal,heapsort,0,100000,20260912,5,1,1786281,1669902,1790571,39116551,8427578,0,0,linux-perf,1,,,,,,,,,,,,,,,,,,,,,,,,,,,,,,,,,,,
double,all_equal,brainsort,1,100000,20260912,5,1,64068,30661,64711,813385,267026,0,0,linux-perf,1,,,,,,,,,,,,,,,,,,,,,,,,,,,,,,,,,,,
double,all_equal,radix11,1,100000,20260912,5,1,883779,844013,886120,8693383,4157417,0,0,linux-perf,1,,,,,,,,,,,,,,,,,,,,,,,,,,,,,,,,,,,
double,all_equal,radix16,1,100000,20260912,5,1,528639,450457,530381,8460431,2290749,0,0,linux-perf,1,,,,,,,,,,,,,,,,,,,,,,,,,,,,,,,,,,,
double,all_equal,std::sort,0,100000,20260912,5,1,673038,587320,677515,12702965,3031681,0,0,linux-perf,1,,,,,,,,,,,,,,,,,,,,,,,,,,,,,,,,,,,
double,all_equal,std::stable_sort,1,100000,20260912,5,1,772459,624040,774697,10101173,3347976,0,0,linux-perf,1,,,,,,,,,,,,,,,,,,,,,,,,,,,,,,,,,,,
double,all_equal,orlp::pdqsort,0,100000,20260912,5,1,81156,79529,81992,1100340,363620,0,0,linux-perf,1,,,,,,,,,,,,,,,,,,,,,,,,,,,,,,,,,,,
double,all_equal,orlp::pdqsort_branchless,0,100000,20260912,5,1,47161,46082,47731,1100369,208333,0,0,linux-perf,1,,,,,,,,,,,,,,,,,,,,,,,,,,,,,,,,,,,
double,all_equal,gfx::timsort,1,100000,20260912,5,1,64697,38058,65452,600351,277744,0,0,linux-perf,1,,,,,,,,,,,,,,,,,,,,,,,,,,,,,,,,,,,
double,runs,introsort,0,100000,20260912,5,1,3051567,2636113,3058179,20613927,14200898,0,0,linux-perf,1,,,,,,,,,,,,,,,,,,,,,,,,,,,,,,,,,,,
double,runs,timsort,1,100000,20260912,5,1,1027317,958667,1029813,9588862,4950526,0,0,linux-perf,1,,,,,,,,,,,,,,,,,,,,,,,,,,,,,,,,,,,
double,runs,pdqsort,0,100000,20260912,5,1,2269217,2182112,2268152,19491366,10605114,0,0,linux-perf,1,,,,,,,,,,,,,,,,,,,,,,,,,,,,,,,,,,,
double,runs,mergesort,1,100000,20260912,5,1,1347506,1299013,1350826,19949398,6400476,0,0,linux-perf,1,,,,,,,,,,,,,,,,,,,,,,,,,,,,,,,,,,,
double,runs,heapsort,0,100000,20260912,5,1,6573376,6422483,6583795,45768609,31188041,0,0,linux-perf,1,,,,,,,,,,,,,,,,,,,,,,,,,,,,,,,,,,,
double,runs,brainsort,1,100000,20260912,5,1,436986,424524,438230,8914330,2038958,0,192512,linux-perf,1,,,,,,,,,,,,,,,,,,,,,,,,,,,,,,,,,,,
double,runs,radix11,1,100000,20260912,5,1,803206,788508,804858,16993444,3791132,0,0,linux-perf,1,,,,,,,,,,,,,,,,,,,,,,,,,,,,,,,,,,,
double,runs,radix16,1,100000,20260912,5,1,679988,670941,681456,13460469,3218945,0,937984,linux-perf,1,,,,,,,,,,,,,,,,,,,,,,,,,,,,,,,,,,,
double,runs,std::sort,0,100000,20260912,5,1,2118997,2097927,2122737,13121553,10124136,0,0,linux-perf,1,,,,,,,,,,,,,,,,,,,,,,,,,,,,,,,,,,,
double,runs,std::stable_sort,1,100000,20260912,5,1,1232338,1180359,1234874,12888832,5711805,0,0,linux-perf,1,,,,,,,,,,,,,,,,,,,,,,,,,,,,,,,,,,,
double,runs,orlp::pdqsort,0,100000,20260912,5,1,2070347,1900747,2074417,12523321,9258156,0,0,linux-perf,1,,,,,,,,,,,,,,,,,,,,,,,,,,,,,,,,,,,
double,runs,orlp::pdqsort_branchless,0,100000,20260912,5,1,2580784,2086293,2585269,19969849,11868707,0,0,linux-perf,1,,,,,,,,,,,,,,,,,,,,,,,,,,,,,,,,,,,
double,runs,gfx::timsort,1,100000,20260912,5,1,858684,800780,861120,3340559,3797465,0,0,linux-perf,1,,,,,,,,,,,,,,,,,,,,,,,,,,,,,,,,,,,
double,organ_pipe,introsort,0,100000,20260912,5,1,7019020,6369772,7030609,61422171,32952745,0,0,linux-perf,1,,,,,,,,,,,,,,,,,,,,,,,,,,,,,,,,,,,
double,organ_pipe,timsort,1,100000,20260912,5,1,265748,240904,266886,4176075,1183971,0,0,linux-perf,1,,,,,,,,,,,,,,,,,,,,,,,,,,,,,,,,,,,
double,organ_pipe,pdqsort,0,100000,20260912,5,1,2300105,2178239,2304358,23941710,10782414,0,0,linux-perf,1,,,,,,,,,,,,,,,,,,,,,,,,,,,,,,,,,,,
double,organ_pipe,mergesort,1,100000,20260912,5,1,921971,904236,923792,21556063,4373030,0,0,linux-perf,1,,,,,,,,,,,,,,,,,,,,,,,,,,,,,,,,,,,
double,organ_pipe,heapsort,0,100000,20260912,5,1,5896855,5503465,5882233,46007150,27601598,0,0,linux-perf,1,,,,,,,,,,,,,,,,,,,,,,,,,,,,,,,,,,,
double,organ_pipe,brainsort,1,100000,20260912,5,1,263102,245009,264197,3395568,1202775,0,0,linux-perf,1,,,,,,,,,,,,,,,,,,,,,,,,,,,,,,,,,,,
double,organ_pipe,radix11,1,100000,20260912,5,1,1191733,1062704,1194587,16993445,5575707,0,0,linux-perf,1,,,,,,,,,,,,,,,,,,,,,,,,,,,,,,,,,,,
double,organ_pipe,radix16,1,100000,20260912,5,1,1144593,1083503,1146756,13460473,5340465,0,942080,linux-perf,1,,,,,,,,,,,,,,,,,,,,,,,,,,,,,,,,,,,
double,organ_pipe,std::sort,0,100000,20260912,5,1,5598459,5158213,5607951,37437551,26218447,0,0,linux-perf,1,,,,,,,,,,,,,,,,,,,,,,,,,,,,,,,,,,,
double,organ_pipe,std::stable_sort,1,100000,20260912,5,1,1024849,842138,1027443,11236843,4704961,0,0,linux-perf,1,,,,,,,,,,,,,,,,,,,,,,,,,,,,,,,,,,,
double,organ_pipe,orlp::pdqsort,0,100000,20260912,5,1,1831580,1798778,1834812,15348117,8738780,0,0,linux-perf,1,,,,,,,,,,,,,,,,,,,,,,,,,,,,,,,,,,,
double,organ_pipe,orlp::pdqsort_branchless,0,100000,20260912,5,1,2068060,2051336,2071646,23758985,9911593,0,0,linux-perf,1,,,,,,,,,,,,,,,,,,,,,,,,,,,,,,,,,,,
double,organ_pipe,gfx::timsort,1,100000,20260912,5,1,113573,112124,114262,2351153,531465,0,0,linux-perf,1,,,,,,,,,,,,,,,,,,,,,,,,,,,,,,,,,,,
double,small_range,introsort,0,100000,20260912,5,1,1480667,1413736,1480804,17075141,6931949,0,0,linux-perf,1,,,,,,,,,,,,,,,,,,,,,,,,,,,,,,,,,,,
double,small_range,timsort,1,100000,20260912,5,1,2861202,2603621,2866455,24679140,13390473,0,0,linux-perf,1,,,,,,,,,,,,,,,,,,,,,,,,,,,,,,,,,,,
double,small_range,pdqsort,0,100000,20260912,5,1,901721,896269,903830,3289002,4321050,0,0,linux-perf,1,,,,,,,,,,,,,,,,,,,,,,,,,,,,,,,,,,,
double,small_range,mergesort,1,100000,20260912,5,1,2035339,1980041,2039046,23791680,9567842,0,0,linux-perf,1,,,,,,,,,,,,,,,,,,,,,,,,,,,,,,,,,,,
double,small_range,heapsort,0,100000,20260912,5,1,4018375,3922576,4006529,43642195,19144426,0,0,linux-perf,1,,,,,,,,,,,,,,,,,,,,,,,,,,,,,,,,,,,
double,small_range,brainsort,1,100000,20260912,5,1,292978,285130,293827,6271805,1389503,0,0,linux-perf,1,,,,,,,,,,,,,,,,,,,,,,,,,,,,,,,,,,,
double,small_range,radix11,1,100000,20260912,5,1,635023,593993,636865,13693419,2941342,0,0,linux-perf,1,,,,,,,,,,,,,,,,,,,,,,,,,,,,,,,,,,,
double,small_range,radix16,1,100000,20260912,5,1,544337,529639,545613,11760456,2513579,0,942080,linux-perf,1,,,,,,,,,,,,,,,,,,,,,,,,,,,,,,,,,,,
double,small_range,std::sort,0,100000,20260912,5,1,1380765,1326894,1383461,12740264,6357396,0,0,linux-perf,1,,,,,,,,,,,,,,,,,,,,,,,,,,,,,,,,,,,
double,small_range,std::stable_sort,1,100000,20260912,5,1,1995608,1909245,1974985,16278754,9220725,0,0,linux-perf,1,,,,,,,,,,,,,,,,,,,,,,,,,,,,,,,,,,,
double,small_range,orlp::pdqsort,0,100000,20260912,5,1,723554,711591,725417,2101000,3426462,0,0,linux-perf,1,,,,,,,,,,,,,,,,,,,,,,,,,,,,,,,,,,,
double,small_range,orlp::pdqsort_branchless,0,100000,20260912,5,1,151258,146175,151894,2983127,699874,0,0,linux-perf,1,,,,,,,,,,,,,,,,,,,,,,,,,,,,,,,,,,,
double,small_range,gfx::timsort,1,100000,20260912,5,1,2423237,2349606,2427624,12447886,11739296,0,0,linux-perf,1,,,,,,,,,,,,,,,,,,,,,,,,,,,,,,,,,,,
double,sawtooth,introsort,0,100000,20260912,5,1,2618584,2371034,2623305,19527101,11939249,0,0,linux-perf,1,,,,,,,,,,,,,,,,,,,,,,,,,,,,,,,,,,,
double,sawtooth,timsort,1,100000,20260912,5,1,1235932,756505,1238643,16805473,5353416,0,0,linux-perf,1,,,,,,,,,,,,,,,,,,,,,,,,,,,,,,,,,,,
double,sawtooth,pdqsort,0,100000,20260912,5,1,2014704,1770859,2031735,13699181,8913412,0,0,linux-perf,1,,,,,,,,,,,,,,,,,,,,,,,,,,,,,,,,,,,
double,sawtooth,mergesort,1,100000,20260912,5,1,1657791,1345650,1661764,20709604,7259637,0,0,linux-perf,1,,,,,,,,,,,,,,,,,,,,,,,,,,,,,,,,,,,
double,sawtooth,heapsort,0,100000,20260912,5,1,8881055,8474100,8895181,45623721,42055523,0,0,linux-perf,1,,,,,,,,,,,,,,,,,,,,,,,,,,,,,,,,,,,
double,sawtooth,brainsort,1,100000,20260912,5,1,698547,592105,700215,8616091,2951970,0,32768,linux-perf,1,,,,,,,,,,,,,,,,,,,,,,,,,,,,,,,,,,,
double,sawtooth,radix11,1,100000,20260912,5,1,1044571,1009970,1046584,16993445,4906375,0,0,linux-perf,1,,,,,,,,,,,,,,,,,,,,,,,,,,,,,,,,,,,
double,sawtooth,radix16,1,100000,20260912,5,1,1417722,1334368,1420387,13460470,6659336,0,962560,linux-perf,1,,,,,,,,,,,,,,,,,,,,,,,,,,,,,,,,,,,
double,sawtooth,std::sort,0,100000,20260912,5,1,2304433,2110009,2307622,12705381,10534574,0,0,linux-perf,1,,,,,,,,,,,,,,,,,,,,,,,,,,,,,,,,,,,
double,sawtooth,std::stable_sort,1,100000,20260912,5,1,1218178,880294,1220897,14153108,5695109,0,0,linux-perf,1,,,,,,,,,,,,,,,,,,,,,,,,,,,,,,,,,,,
double,sawtooth,orlp::pdqsort,0,100000,20260912,5,1,1505259,1472486,1507415,8161391,7128968,0,0,linux-perf,1,,,,,,,,,,,,,,,,,,,,,,,,,,,,,,,,,,,
double,sawtooth,orlp::pdqsort_branchless,0,100000,20260912,5,1,1257190,944662,1259474,13386733,5757960,0,0,linux-perf,1,,,,,,,,,,,,,,,,,,,,,,,,,,,,,,,,,,,
double,sawtooth,gfx::timsort,1,100000,20260912,5,1,816899,682084,819184,8437697,3624463,0,0,linux-perf,1,,,,,,,,,,,,,,,,,,,,,,,,,,,,,,,,,,,
double,prefixed,introsort,0,100000,20260912,5,1,5847701,5507280,5832502,19299027,26444934,0,0,linux-perf,1,,,,,,,,,,,,,,,,,,,,,,,,,,,,,,,,,,,
double,prefixed,timsort,1,100000,20260912,5,1,9184039,8240622,9195829,45066676,40929200,0,0,linux-perf,1,,,,,,,,,,,,,,,,,,,,,,,,,,,,,,,,,,,
double,prefixed,pdqsort,0,100000,20260912,5,1,6106623,5946971,6115487,19244346,28400356,0,0,linux-perf,1,,,,,,,,,,,,,,,,,,,,,,,,,,,,,,,,,,,
double,prefixed,mergesort,1,100000,20260912,5,1,6352331,6007703,6360623,25528302,29947162,0,0,linux-perf,1,,,,,,,,,,,,,,,,,,,,,,,,,,,,,,,,,,,
double,prefixed,heapsort,0,100000,20260912,5,1,9665475,9553510,9670289,45503188,45898619,0,0,linux-perf,1,,,,,,,,,,,,,,,,,,,,,,,,,,,,,,,,,,,
double,prefixed,brainsort,1,100000,20260912,5,1,837830,802539,840738,16813867,3917970,0,0,linux-perf,1,,,,,,,,,,,,,,,,,,,,,,,,,,,,,,,,,,,
double,prefixed,radix11,1,100000,20260912,5,1,1048486,1001918,1050234,21993484,4821857,0,0,linux-perf,1,,,,,,,,,,,,,,,,,,,,,,,,,,,,,,,,,,,
double,prefixed,radix16,1,100000,20260912,5,1,971932,958567,973613,16760495,4603105,0,888832,linux-perf,1,,,,,,,,,,,,,,,,,,,,,,,,,,,,,,,,,,,
double,prefixed,std::sort,0,100000,20260912,5,1,5356301,5331847,5363207,13019628,25556761,0,0,linux-perf,1,,,,,,,,,,,,,,,,,,,,,,,,,,,,,,,,,,,
double,prefixed,std::stable_sort,1,100000,20260912,5,1,5868873,5853444,5864223,17987801,28023360,0,0,linux-perf,1,,,,,,,,,,,,,,,,,,,,,,,,,,,,,,,,,,,
double,prefixed,orlp::pdqsort,0,100000,20260912,5,1,5586262,5547405,5593786,12338315,25996819,0,0,linux-perf,1,,,,,,,,,,,,,,,,,,,,,,,,,,,,,,,,,,,
double,prefixed,orlp::pdqsort_branchless,0,100000,20260912,5,1,2633387,2394032,2637429,19930144,12366562,0,0,linux-perf,1,,,,,,,,,,,,,,,,,,,,,,,,,,,,,,,,,,,
double,prefixed,gfx::timsort,1,100000,20260912,5,1,7614475,7379441,7624448,27852380,36271835,0,0,linux-perf,1,,,,,,,,,,,,,,,,,,,,,,,,,,,,,,,,,,,
int64,random,introsort,0,100000,20260912,5,1,4383795,4240745,4345868,19598578,20139095,0,0,linux-perf,1,,,,,,,,,,,,,,,,,,,,,,,,,,,,,,,,,,,
int64,random,timsort,1,100000,20260912,5,1,6668734,5962655,6656840,44754826,31621667,0,0,linux-perf,1,,,,,,,,,,,,,,,,,,,,,,,,,,,,,,,,,,,
int64,random,pdqsort,0,100000,20260912,5,1,4794900,4078355,4801079,19303051,22771217,0,0,linux-perf,1,,,,,,,,,,,,,,,,,,,,,,,,,,,,,,,,,,,
int64,random,mergesort,1,100000,20260912,5,1,4367095,4349499,4371780,25578740,20562407,0,0,linux-perf,1,,,,,,,,,,,,,,,,,,,,,,,,,,,,,,,,,,,
int64,random,heapsort,0,100000,20260912,5,1,7930036,7706396,7914255,46559011,37458100,0,0,linux-perf,1,,,,,,,,,,,,,,,,,,,,,,,,,,,,,,,,,,,
int64,random,brainsort,1,100000,20260912,5,1,956224,860221,936312,14206535,4112856,0,0,linux-perf,1,,,,,,,,,,,,,,,,,,,,,,,,,,,,,,,,,,,
int64,random,radix11,1,100000,20260912,5,1,980135,973639,981523,18793511,4661011,0,0,linux-perf,1,,,,,,,,,,,,,,,,,,,,,,,,,,,,,,,,,,,
int64,random,radix16,1,100000,20260912,5,1,1121973,1066677,1123325,14960517,5338815,0,724992,linux-perf,1,,,,,,,,,,,,,,,,,,,,,,,,,,,,,,,,,,,
int64,random,std::sort,0,100000,20260912,5,1,3788724,3784828,3792386,12422881,18115055,0,0,linux-perf,1,,,,,,,,,,,,,,,,,,,,,,,,,,,,,,,,,,,
int64,random,std::stable_sort,1,100000,20260912,5,1,4751674,4664443,4749823,17721184,22329551,0,0,linux-perf,1,,,,,,,,,,,,,,,,,,,,,,,,,,,,,,,,,,,
int64,random,orlp::pdqsort,0,100000,20260912,5,1,3848767,3836787,3852617,12029725,18259778,0,0,linux-perf,1,,,,,,,,,,,,,,,,,,,,,,,,,,,,,,,,,,,
int64,random,orlp::pdqsort_branchless,0,100000,20260912,5,1,1951727,1756512,1954033,19789017,8582135,0,0,linux-perf,1,,,,,,,,,,,,,,,,,,,,,,,,,,,,,,,,,,,
int64,random,gfx::timsort,1,100000,20260912,5,1,6461811,6448262,6468996,27207280,30522936,0,0,linux-perf,1,,,,,,,,,,,,,,,,,,,,,,,,,,,,,,,,,,,
int64,sorted,introsort,0,100000,20260912,5,1,1220035,1018604,1222338,17179649,5609408,0,0,linux-perf,1,,,,,,,,,,,,,,,,,,,,,,,,,,,,,,,,,,,
int64,sorted,timsort,1,100000,20260912,5,1,35691,35392,36131,900535,157640,0,0,linux-perf,1,,,,,,,,,,,,,,,,,,,,,,,,,,,,,,,,,,,
int64,sorted,pdqsort,0,100000,20260912,5,1,66047,65908,66492,1800214,307915,0,0,linux-perf,1,,,,,,,,,,,,,,,,,,,,,,,,,,,,,,,,,,,
int64,sorted,mergesort,1,100000,20260912,5,1,1063389,737606,1065285,18451015,4514900,0,0,linux-perf,1,,,,,,,,,,,,,,,,,,,,,,,,,,,,,,,,,,,
int64,sorted,heapsort,0,100000,20260912,5,1,3933761,3865754,3913738,46912058,18556186,0,0,linux-perf,1,,,,,,,,,,,,,,,,,,,,,,,,,,,,,,,,,,,
int64,sorted,brainsort,1,100000,20260912,5,1,32385,32234,32810,688498,144462,0,0,linux-perf,1,,,,,,,,,,,,,,,,,,,,,,,,,,,,,,,,,,,
int64,sorted,radix11,1,100000,20260912,5,1,1510407,1039978,1512685,18793511,6924929,0,0,linux-perf,1,,,,,,,,,,,,,,,,,,,,,,,,,,,,,,,,,,,
int64,sorted,radix16,1,100000,20260912,5,1,1197573,1085682,1199668,14960517,5704058,0,724992,linux-perf,1,,,,,,,,,,,,,,,,,,,,,,,,,,,,,,,,,,,
int64,sorted,std::sort,0,100000,20260912,5,1,606281,588245,607214,8705353,2872262,0,0,linux-perf,1,,,,,,,,,,,,,,,,,,,,,,,,,,,,,,,,,,,
int64,sorted,std::stable_sort,1,100000,20260912,5,1,631641,580281,632614,9929744,2882231,0,0,linux-perf,1,,,,,,,,,,,,,,,,,,,,,,,,,,,,,,,,,,,
int64,sorted,orlp::pdqsort,0,100000,20260912,5,1,49051,47962,49481,1000180,225451,0,0,linux-perf,1,,,,,,,,,,,,,,,,,,,,,,,,,,,,,,,,,,,
int64,sorted,orlp::pdqsort_branchless,0,100000,20260912,5,1,42836,42606,43150,1000213,222544,0,0,linux-perf,1,,,,,,,,,,,,,,,,,,,,,,,,,,,,,,,,,,,
int64,sorted,gfx::timsort,1,100000,20260912,5,1,27210,26590,27651,600350,115427,0,0,linux-perf,1,,,,,,,,,,,,,,,,,,,,,,,,,,,,,,,,,,,
int64,reverse,introsort,0,100000,20260912,5,1,928205,835289,929871,13702349,4418725,0,0,linux-perf,1,,,,,,,,,,,,,,,,,,,,,,,,,,,,,,,,,,,
int64,reverse,timsort,1,100000,20260912,5,1,69425,69006,69881,1750543,325485,0,0,linux-perf,1,,,,,,,,,,,,,,,,,,,,,,,,,,,,,,,,,,,
int64,reverse,pdqsort,0,100000,20260912,5,1,109812,109593,110323,3250698,520046,0,0,linux-perf,1,,,,,,,,,,,,,,,,,,,,,,,,,,,,,,,,,,,
int64,reverse,mergesort,1,100000,20260912,5,1,902126,887298,903431,24109450,4249237,0,0,linux-perf,1,,,,,,,,,,,,,,,,,,,,,,,,,,,,,,,,,,,
int64,reverse,heapsort,0,100000,20260912,5,1,4447983,4396574,4452310,48039923,21213142,0,0,linux-perf,1,,,,,,,,,,,,,,,,,,,,,,,,,,,,,,,,,,,
int64,reverse,brainsort,1,100000,20260912,5,1,93036,72422,93942,975849,377621,0,0,linux-perf,1,,,,,,,,,,,,,,,,,,,,,,,,,,,,,,,,,,,
int64,reverse,radix11,1,100000,20260912,5,1,1029476,991595,1007973,18793511,4654849,0,0,linux-perf,1,,,,,,,,,,,,,,,,,,,,,,,,,,,,,,,,,,,
int64,reverse,radix16,1,100000,20260912,5,1,1459296,1314165,1461543,14960519,6924453,0,905216,linux-perf,1,,,,,,,,,,,,,,,,,,,,,,,,,,,,,,,,,,,
int64,reverse,std::sort,0,100000,20260912,5,1,774007,670709,775498,7177899,3512373,0,0,linux-perf,1,,,,,,,,,,,,,,,,,,,,,,,,,,,,,,,,,,,
int64,reverse,std::stable_sort,1,100000,20260912,5,1,994564,967145,995972,11046050,4671204,0,0,linux-perf,1,,,,,,,,,,,,,,,,,,,,,,,,,,,,,,,,,,,
int64,reverse,orlp::pdqsort,0,100000,20260912,5,1,129268,76330,129993,1850438,599637,0,0,linux-perf,1,,,,,,,,,,,,,,,,,,,,,,,,,,,,,,,,,,,
int64,reverse,orlp::pdqsort_branchless,0,100000,20260912,5,1,169506,111831,170114,2475607,815162,0,0,linux-perf,1,,,,,,,,,,,,,,,,,,,,,,,,,,,,,,,,,,,
int64,reverse,gfx::timsort,1,100000,20260912,5,1,66287,64179,66671,1300352,342666,0,0,linux-perf,1,,,,,,,,,,,,,,,,,,,,,,,,,,,,,,,,,,,
int64,nearly_sorted,introsort,0,100000,20260912,5,1,846600,821100,848028,17144307,3947931,0,0,linux-perf,1,,,,,,,,,,,,,,,,,,,,,,,,,,,,,,,,,,,
int64,nearly_sorted,timsort,1,100000,20260912,5,1,1208035,854505,1209908,14452940,5325327,0,0,linux-perf,1,,,,,,,,,,,,,,,,,,,,,,,,,,,,,,,,,,,
int64,nearly_sorted,pdqsort,0,100000,20260912,5,1,535726,515162,536611,9173026,2535210,0,0,linux-perf,1,,,,,,,,,,,,,,,,,,,,,,,,,,,,,,,,,,,
int64,nearly_sorted,mergesort,1,100000,20260912,5,1,847949,831352,849199,21510410,4015090,0,0,linux-perf,1,,,,,,,,,,,,,,,,,,,,,,,,,,,,,,,,,,,
int64,nearly_sorted,heapsort,0,100000,20260912,5,1,4271542,4198770,4274636,46906635,20493276,0,0,linux-perf,1,,,,,,,,,,,,,,,,,,,,,,,,,,,,,,,,,,,
int64,nearly_sorted,brainsort,1,100000,20260912,5,1,325533,270172,326218,5714012,1293255,0,0,linux-perf,1,,,,,,,,,,,,,,,,,,,,,,,,,,,,,,,,,,,
int64,nearly_sorted,radix11,1,100000,20260912,5,1,1052476,981458,1054098,18793512,4870808,0,0,linux-perf,1,,,,,,,,,,,,,,,,,,,,,,,,,,,,,,,,,,,
int64,nearly_sorted,radix16,1,100000,20260912,5,1,1537854,1095909,1539654,14960517,6399084,0,724992,linux-perf,1,,,,,,,,,,,,,,,,,,,,,,,,,,,,,,,,,,,
int64,nearly_sorted,std::sort,0,100000,20260912,5,1,1048194,801410,1049644,8730235,4849805,0,0,linux-perf,1,,,,,,,,,,,,,,,,,,,,,,,,,,,,,,,,,,,
int64,nearly_sorted,std::stable_sort,1,100000,20260912,5,1,1161315,1129522,1162937,15130283,5130808,0,0,linux-perf,1,,,,,,,,,,,,,,,,,,,,,,,,,,,,,,,,,,,
int64,nearly_sorted,orlp::pdqsort,0,100000,20260912,5,1,462982,398616,463751,5638357,2102900,0,0,linux-perf,1,,,,,,,,,,,,,,,,,,,,,,,,,,,,,,,,,,,
int64,nearly_sorted,orlp::pdqsort_branchless,0,100000,20260912,5,1,514027,502023,514731,8704870,2433827,0,0,linux-perf,1,,,,,,,,,,,,,,,,,,,,,,,,,,,,,,,,,,,
int64,nearly_sorted,gfx::timsort,1,100000,20260912,5,1,737531,604810,738926,4609708,3114228,0,0,linux-perf,1,,,,,,,,,,,,,,,,,,,,,,,,,,,,,,,,,,,
int64,few_unique,introsort,0,100000,20260912,5,1,2469880,2187360,2472581,16117297,10785151,0,0,linux-perf,1,,,,,,,,,,,,,,,,,,,,,,,,,,,,,,,,,,,
int64,few_unique,timsort,1,100000,20260912,5,1,5138257,4177333,5142132,36821771,23879548,0,0,linux-perf,1,,,,,,,,,,,,,,,,,,,,,,,,,,,,,,,,,,,
int64,few_unique,pdqsort,0,100000,20260912,5,1,1848364,1768705,1850632,8138793,8607002,0,0,linux-perf,1,,,,,,,,,,,,,,,,,,,,,,,,,,,,,,,,,,,
int64,few_unique,mergesort,1,100000,20260912,5,1,3007575,2825224,3010003,25502347,13596982,0,0,linux-perf,1,,,,,,,,,,,,,,,,,,,,,,,,,,,,,,,,,,,
int64,few_unique,heapsort,0,100000,20260912,5,1,7615633,6955460,7620543,46427160,36635899,0,0,linux-perf,1,,,,,,,,,,,,,,,,,,,,,,,,,,,,,,,,,,,
int64,few_unique,brainsort,1,100000,20260912,5,1,342025,323524,342617,6176442,1586916,0,0,linux-perf,1,,,,,,,,,,,,,,,,,,,,,,,,,,,,,,,,,,,
int64,few_unique,radix11,1,100000,20260912,5,1,1233199,877731,1234758,18793512,5452764,0,0,linux-perf,1,,,,,,,,,,,,,,,,,,,,,,,,,,,,,,,,,,,
int64,few_unique,radix16,1,100000,20260912,5,1,717843,700022,718686,14960517,3310555,0,729088,linux-perf,1,,,,,,,,,,,,,,,,,,,,,,,,,,,,,,,,,,,
int64,few_unique,std::sort,0,100000,20260912,5,1,2105793,2072710,2107447,11585511,10103925,0,0,linux-perf,1,,,,,,,,,,,,,,,,,,,,,,,,,,,,,,,,,,,
int64,few_unique,std::stable_sort,1,100000,20260912,5,1,3096065,2900716,3098181,17674829,14096539,0,0,linux-perf,1,,,,,,,,,,,,,,,,,,,,,,,,,,,,,,,,,,,
int64,few_unique,orlp::pdqsort,0,100000,20260912,5,1,1506109,1492426,1507274,4821518,7305969,0,0,linux-perf,1,,,,,,,,,,,,,,,,,,,,,,,,,,,,,,,,,,,
int64,few_unique,orlp::pdqsort_branchless,0,100000,20260912,5,1,499324,494007,500112,7854066,2377606,0,0,linux-perf,1,,,,,,,,,,,,,,,,,,,,,,,,,,,,,,,,,,,
int64,few_unique,gfx::timsort,1,100000,20260912,5,1,3896956,3837527,3899758,20989524,18604744,0,0,linux-perf,1,,,,,,,,,,,,,,,,,,,,,,,,,,,,,,,,,,,
int64,all_equal,introsort,0,100000,20260912,5,1,609029,591028,609855,15565760,2665530,0,0,linux-perf,1,,,,,,,,,,,,,,,,,,,,,,,,,,,,,,,,,,,
int64,all_equal,timsort,1,100000,20260912,5,1,35902,35342,36321,900535,158286,0,0,linux-perf,1,,,,,,,,,,,,,,,,,,,,,,,,,,,,,,,,,,,
int64,all_equal,pdqsort,0,100000,20260912,5,1,46256,46056,46681,1400493,209690,0,0,linux-perf,1,,,,,,,,,,,,,,,,,,,,,,,,,,,,,,,,,,,
int64,all_equal,mergesort,1,100000,20260912,5,1,743208,739331,744397,18451015,3374022,0,0,linux-perf,1,,,,,,,,,,,,,,,,,,,,,,,,,,,,,,,,,,,
int64,all_equal,heapsort,0,100000,20260912,5,1,2183633,2137437,2185390,40166536,10325975,0,0,linux-perf,1,,,,,,,,,,,,,,,,,,,,,,,,,,,,,,,,,,,
int64,all_equal,brainsort,1,100000,20260912,5,1,32343,31714,32781,688304,141797,0,0,linux-perf,1,,,,,,,,,,,,,,,,,,,,,,,,,,,,,,,,,,,
int64,all_equal,radix11,1,100000,20260912,5,1,342695,339697,343427,7993372,1615848,0,0,linux-perf,1,,,,,,,,,,,,,,,,,,,,,,,,,,,,,,,,,,,
int64,all_equal,radix16,1,100000,20260912,5,1,343015,329851,343658,7760424,1579765,0,0,linux-perf,1,,,,,,,,,,,,,,,,,,,,,,,,,,,,,,,,,,,
int64,all_equal,std::sort,0,100000,20260912,5,1,639842,605020,640704,12560308,2757271,0,0,linux-perf,1,,,,,,,,,,,,,,,,,,,,,,,,,,,,,,,,,,,
int64,all_equal,std::stable_sort,1,100000,20260912,5,1,583342,579433,584273,9929743,2735795,0,0,linux-perf,1,,,,,,,,,,,,,,,,,,,,,,,,,,,,,,,,,,,
int64,all_equal,orlp::pdqsort,0,100000,20260912,5,1,60909,60559,61511,1000319,204619,0,0,linux-perf,1,,,,,,,,,,,,,,,,,,,,,,,,,,,,,,,,,,,
int64,all_equal,orlp::pdqsort_branchless,0,100000,20260912,5,1,44457,44227,44942,1000347,204820,0,0,linux-perf,1,,,,,,,,,,,,,,,,,,,,,,,,,,,,,,,,,,,
int64,all_equal,gfx::timsort,1,100000,20260912,5,1,27386,27326,27810,600350,119398,0,0,linux-perf,1,,,,,,,,,,,,,,,,,,,,,,,,,,,,,,,,,,,
int64,runs,introsort,0,100000,20260912,5,1,1810923,1747085,1812581,20218836,8081100,0,0,linux-perf,1,,,,,,,,,,,,,,,,,,,,,,,,,,,,,,,,,,,
int64,runs,timsort,1,100000,20260912,5,1,760901,739252,761758,9587166,3629217,0,0,linux-perf,1,,,,,,,,,,,,,,,,,,,,,,,,,,,,,,,,,,,
int64,runs,pdqsort,0,100000,20260912,5,1,1650116,1605708,1651467,19384617,7726005,0,0,linux-perf,1,,,,,,,,,,,,,,,,,,,,,,,,,,,,,,,,,,,
int64,runs,mergesort,1,100000,20260912,5,1,1145604,1108253,1146896,19998550,5315957,0,0,linux-perf,1,,,,,,,,,,,,,,,,,,,,,,,,,,,,,,,,,,,
int64,runs,heapsort,0,100000,20260912,5,1,6016183,5700125,5990757,46818605,27920262,0,0,linux-perf,1,,,,,,,,,,,,,,,,,,,,,,,,,,,,,,,,,,,
int64,runs,brainsort,1,100000,20260912,5,1,378847,375788,379548,7023045,1785832,0,65536,linux-perf,1,,,,,,,,,,,,,,,,,,,,,,,,,,,,,,,,,,,
int64,runs,radix11,1,100000,20260912,5,1,901369,807337,902941,18793511,4316144,0,0,linux-perf,1,,,,,,,,,,,,,,,,,,,,,,,,,,,,,,,,,,,
int64,runs,radix16,1,100000,20260912,5,1,758102,711746,759147,14960518,3520249,0,724992,linux-perf,1,,,,,,,,,,,,,,,,,,,,,,,,,,,,,,,,,,,
int64,runs,std::sort,0,100000,20260912,5,1,1735462,1631715,1737189,12390894,7869453,0,0,linux-perf,1,,,,,,,,,,,,,,,,,,,,,,,,,,,,,,,,,,,
int64,runs,std::stable_sort,1,100000,20260912,5,1,1067675,1016818,1068454,12717175,4965714,0,0,linux-perf,1,,,,,,,,,,,,,,,,,,,,,,,,,,,,,,,,,,,
int64,runs,orlp::pdqsort,0,100000,20260912,5,1,1563971,1456740,1565236,12119719,7272431,0,0,linux-perf,1,,,,,,,,,,,,,,,,,,,,,,,,,,,,,,,,,,,
int64,runs,orlp::pdqsort_branchless,0,100000,20260912,5,1,2177317,1703164,2151159,19692264,9734475,0,0,linux-perf,1,,,,,,,,,,,,,,,,,,,,,,,,,,,,,,,,,,,
int64,runs,gfx::timsort,1,100000,20260912,5,1,635979,623083,636674,3337561,2976819,0,0,linux-perf,1,,,,,,,,,,,,,,,,,,,,,,,,,,,,,,,,,,,
int64,organ_pipe,introsort,0,100000,20260912,5,1,5340221,5236030,5325902,62124164,24386505,0,0,linux-perf,1,,,,,,,,,,,,,,,,,,,,,,,,,,,,,,,,,,,
int64,organ_pipe,timsort,1,100000,20260912,5,1,146791,146061,147324,4176077,685792,0,0,linux-perf,1,,,,,,,,,,,,,,,,,,,,,,,,,,,,,,,,,,,
int64,organ_pipe,pdqsort,0,100000,20260912,5,1,1652687,1645019,1653727,23834068,7853655,0,0,linux-perf,1,,,,,,,,,,,,,,,,,,,,,,,,,,,,,,,,,,,
int64,organ_pipe,mergesort,1,100000,20260912,5,1,873591,828308,874544,21605215,4068437,0,0,linux-perf,1,,,,,,,,,,,,,,,,,,,,,,,,,,,,,,,,,,,
int64,organ_pipe,heapsort,0,100000,20260912,5,1,4720256,4472553,4693666,47057144,20994527,0,0,linux-perf,1,,,,,,,,,,,,,,,,,,,,,,,,,,,,,,,,,,,
int64,organ_pipe,brainsort,1,100000,20260912,5,1,123546,123297,124013,3270489,577698,0,0,linux-perf,1,,,,,,,,,,,,,,,,,,,,,,,,,,,,,,,,,,,
int64,organ_pipe,radix11,1,100000,20260912,5,1,748290,677549,749308,11593418,3505928,0,0,linux-perf,1,,,,,,,,,,,,,,,,,,,,,,,,,,,,,,,,,,,
int64,organ_pipe,radix16,1,100000,20260912,5,1,517302,470805,518031,10360454,2223591,0,901120,linux-perf,1,,,,,,,,,,,,,,,,,,,,,,,,,,,,,,,,,,,
int64,organ_pipe,std::sort,0,100000,20260912,5,1,4821179,4231423,4823498,35648366,20607523,0,0,linux-perf,1,,,,,,,,,,,,,,,,,,,,,,,,,,,,,,,,,,,
int64,organ_pipe,std::stable_sort,1,100000,20260912,5,1,917889,797236,918895,11036849,4111503,0,0,linux-perf,1,,,,,,,,,,,,,,,,,,,,,,,,,,,,,,,,,,,
int64,organ_pipe,orlp::pdqsort,0,100000,20260912,5,1,1608889,1524387,1610495,14940044,7177469,0,0,linux-perf,1,,,,,,,,,,,,,,,,,,,,,,,,,,,,,,,,,,,
int64,organ_pipe,orlp::pdqsort_branchless,0,100000,20260912,5,1,1871683,1782923,1872776,23475856,8560108,0,0,linux-perf,1,,,,,,,,,,,,,,,,,,,,,,,,,,,,,,,,,,,
int64,organ_pipe,gfx::timsort,1,100000,20260912,5,1,108352,107292,108802,2401140,503687,0,0,linux-perf,1,,,,,,,,,,,,,,,,,,,,,,,,,,,,,,,,,,,
int64,small_range,introsort,0,100000,20260912,5,1,1077151,1058606,1077904,16312897,5050096,0,0,linux-perf,1,,,,,,,,,,,,,,,,,,,,,,,,,,,,,,,,,,,
int64,small_range,timsort,1,100000,20260912,5,1,2367246,2333926,2368523,24304031,11122685,0,0,linux-perf,1,,,,,,,,,,,,,,,,,,,,,,,,,,,,,,,,,,,
int64,small_range,pdqsort,0,100000,20260912,5,1,576516,563650,577153,3213983,2659160,0,0,linux-perf,1,,,,,,,,,,,,,,,,,,,,,,,,,,,,,,,,,,,
int64,small_range,mergesort,1,100000,20260912,5,1,1683924,1565781,1685312,23840833,7883206,0,0,linux-perf,1,,,,,,,,,,,,,,,,,,,,,,,,,,,,,,,,,,,
int64,small_range,heapsort,0,100000,20260912,5,1,3595637,3588450,3597291,44692186,17038265,0,0,linux-perf,1,,,,,,,,,,,,,,,,,,,,,,,,,,,,,,,,,,,
int64,small_range,brainsort,1,100000,20260912,5,1,233227,227748,233755,4862109,1082017,0,8192,linux-perf,1,,,,,,,,,,,,,,,,,,,,,,,,,,,,,,,,,,,
int64,small_range,radix11,1,100000,20260912,5,1,466365,463905,466910,10593401,2212106,0,0,linux-perf,1,,,,,,,,,,,,,,,,,,,,,,,,,,,,,,,,,,,
int64,small_range,radix16,1,100000,20260912,5,1,689915,470434,690946,10360454,3262908,0,778240,linux-perf,1,,,,,,,,,,,,,,,,,,,,,,,,,,,,,,,,,,,
int64,small_range,std::sort,0,100000,20260912,5,1,1266792,1129688,1268120,12561887,5732805,0,0,linux-perf,1,,,,,,,,,,,,,,,,,,,,,,,,,,,,,,,,,,,
int64,small_range,std::stable_sort,1,100000,20260912,5,1,1591330,1570329,1592511,16023940,7490099,0,0,linux-perf,1,,,,,,,,,,,,,,,,,,,,,,,,,,,,,,,,,,,
int64,small_range,orlp::pdqsort,0,100000,20260912,5,1,529448,524319,530051,2001033,2502622,0,0,linux-perf,1,,,,,,,,,,,,,,,,,,,,,,,,,,,,,,,,,,,
int64,small_range,orlp::pdqsort_branchless,0,100000,20260912,5,1,145301,137223,145814,2895047,655964,0,0,linux-perf,1,,,,,,,,,,,,,,,,,,,,,,,,,,,,,,,,,,,
int64,small_range,gfx::timsort,1,100000,20260912,5,1,2283675,2069897,2285266,11921481,10580858,0,0,linux-perf,1,,,,,,,,,,,,,,,,,,,,,,,,,,,,,,,,,,,
int64,sawtooth,introsort,0,100000,20260912,5,1,1732196,1710872,1733240,18996361,8189385,0,0,linux-perf,1,,,,,,,,,,,,,,,,,,,,,,,,,,,,,,,,,,,
int64,sawtooth,timsort,1,100000,20260912,5,1,1022077,1001292,1023663,16747364,4771788,0,0,linux-perf,1,,,,,,,,,,,,,,,,,,,,,,,,,,,,,,,,,,,
int64,sawtooth,pdqsort,0,100000,20260912,5,1,1269990,1253094,1270839,13615724,5989935,0,0,linux-perf,1,,,,,,,,,,,,,,,,,,,,,,,,,,,,,,,,,,,
int64,sawtooth,mergesort,1,100000,20260912,5,1,915985,847873,916790,20758756,3927272,0,0,linux-perf,1,,,,,,,,,,,,,,,,,,,,,,,,,,,,,,,,,,,
int64,sawtooth,heapsort,0,100000,20260912,5,1,6704015,6610480,6675980,46673701,31649399,0,0,linux-perf,1,,,,,,,,,,,,,,,,,,,,,,,,,,,,,,,,,,,
int64,sawtooth,brainsort,1,100000,20260912,5,1,236417,233747,236906,4684527,1117834,0,0,linux-perf,1,,,,,,,,,,,,,,,,,,,,,,,,,,,,,,,,,,,
int64,sawtooth,radix11,1,100000,20260912,5,1,481261,475902,481942,10593402,2255064,0,0,linux-perf,1,,,,,,,,,,,,,,,,,,,,,,,,,,,,,,,,,,,
int64,sawtooth,radix16,1,100000,20260912,5,1,786449,680948,787568,10360453,3432424,0,724992,linux-perf,1,,,,,,,,,,,,,,,,,,,,,,,,,,,,,,,,,,,
int64,sawtooth,std::sort,0,100000,20260912,5,1,2185566,1970194,2187189,12082533,10034998,0,0,linux-perf,1,,,,,,,,,,,,,,,,,,,,,,,,,,,,,,,,,,,
int64,sawtooth,std::stable_sort,1,100000,20260912,5,1,715478,698672,716176,13981124,3354012,0,0,linux-perf,1,,,,,,,,,,,,,,,,,,,,,,,,,,,,,,,,,,,
int64,sawtooth,orlp::pdqsort,0,100000,20260912,5,1,1142893,1115022,1143716,8050956,5241383,0,0,linux-perf,1,,,,,,,,,,,,,,,,,,,,,,,,,,,,,,,,,,,
int64,sawtooth,orlp::pdqsort_branchless,0,100000,20260912,5,1,807154,796616,807949,13342493,3836857,0,0,linux-perf,1,,,,,,,,,,,,,,,,,,,,,,,,,,,,,,,,,,,
int64,sawtooth,gfx::timsort,1,100000,20260912,5,1,432254,418618,432829,8347279,1974383,0,0,linux-perf,1,,,,,,,,,,,,,,,,,,,,,,,,,,,,,,,,,,,
int64,prefixed,introsort,0,100000,20260912,5,1,3876773,3823167,3858027,19254549,18150876,0,0,linux-perf,1,,,,,,,,,,,,,,,,,,,,,,,,,,,,,,,,,,,
int64,prefixed,timsort,1,100000,20260912,5,1,6051510,5945065,6053907,44742485,28631348,0,0,linux-perf,1,,,,,,,,,,,,,,,,,,,,,,,,,,,,,,,,,,,
int64,prefixed,pdqsort,0,100000,20260912,5,1,4210256,4058344,4212445,19192879,19730087,0,0,linux-perf,1,,,,,,,,,,,,,,,,,,,,,,,,,,,,,,,,,,,
int64,prefixed,mergesort,1,100000,20260912,5,1,5218652,4399357,5219992,25566649,23963285,0,0,linux-perf,1,,,,,,,,,,,,,,,,,,,,,,,,,,,,,,,,,,,
int64,prefixed,heapsort,0,100000,20260912,5,1,8746764,8508137,8724467,46560813,40041878,0,0,linux-perf,1,,,,,,,,,,,,,,,,,,,,,,,,,,,,,,,,,,,
int64,prefixed,brainsort,1,100000,20260912,5,1,332462,321153,332958,6539604,1529380,0,0,linux-perf,1,,,,,,,,,,,,,,,,,,,,,,,,,,,,,,,,,,,
int64,prefixed,radix11,1,100000,20260912,5,1,863093,697792,864029,11593419,3969317,0,0,linux-perf,1,,,,,,,,,,,,,,,,,,,,,,,,,,,,,,,,,,,
int64,prefixed,radix16,1,100000,20260912,5,1,711721,614487,712587,11360472,3266808,0,909312,linux-perf,1,,,,,,,,,,,,,,,,,,,,,,,,,,,,,,,,,,,
int64,prefixed,std::sort,0,100000,20260912,5,1,4255464,3870190,4257431,12262579,19173927,0,0,linux-perf,1,,,,,,,,,,,,,,,,,,,,,,,,,,,,,,,,,,,
int64,prefixed,std::stable_sort,1,100000,20260912,5,1,5183538,5103663,5161377,17715038,23813986,0,0,linux-perf,1,,,,,,,,,,,,,,,,,,,,,,,,,,,,,,,,,,,
int64,prefixed,orlp::pdqsort,0,100000,20260912,5,1,4235601,4078747,4227841,11970517,19307685,0,0,linux-perf,1,,,,,,,,,,,,,,,,,,,,,,,,,,,,,,,,,,,
int64,prefixed,orlp::pdqsort_branchless,0,100000,20260912,5,1,1819352,1713238,1820572,19720791,8318995,0,0,linux-perf,1,,,,,,,,,,,,,,,,,,,,,,,,,,,,,,,,,,,
int64,prefixed,gfx::timsort,1,100000,20260912,5,1,6515282,6136787,6516942,27250145,30380299,0,0,linux-perf,1,,,,,,,,,,,,,,,,,,,,,,,,,,,,,,,,,,,
string,random,introsort,0,100000,20260912,5,1,12794691,12581318,12797445,75840652,59879305,0,0,linux-perf,1,,,,,,,,,,,,,,,,,,,,,,,,,,,,,,,,,,,
string,random,timsort,1,100000,20260912,5,1,16835137,16359396,16837971,96731446,76431739,0,184320,linux-perf,1,,,,,,,,,,,,,,,,,,,,,,,,,,,,,,,,,,,
string,random,pdqsort,0,100000,20260912,5,1,13001279,12461974,13003870,75548099,60672263,0,0,linux-perf,1,,,,,,,,,,,,,,,,,,,,,,,,,,,,,,,,,,,
string,random,mergesort,1,100000,20260912,5,1,12988015,12006034,12990723,76038884,59993561,0,1572864,linux-perf,1,,,,,,,,,,,,,,,,,,,,,,,,,,,,,,,,,,,
string,random,heapsort,0,100000,20260912,5,1,21500900,21048477,21500267,106283619,99094155,0,0,linux-perf,1,,,,,,,,,,,,,,,,,,,,,,,,,,,,,,,,,,,
string,random,brainsort,1,100000,20260912,5,1,3659524,3468749,3660173,36065836,17156573,0,282624,linux-perf,1,,,,,,,,,,,,,,,,,,,,,,,,,,,,,,,,,,,
string,random,std::sort,0,100000,20260912,5,1,12575043,12084154,12575544,65337102,57132789,0,192512,linux-perf,1,,,,,,,,,,,,,,,,,,,,,,,,,,,,,,,,,,,
string,random,std::stable_sort,1,100000,20260912,5,1,12008555,11432638,12008146,59752719,53867718,0,0,linux-perf,1,,,,,,,,,,,,,,,,,,,,,,,,,,,,,,,,,,,
string,random,orlp::pdqsort,0,100000,20260912,5,1,12653569,11108355,12653701,62577501,58276679,0,131072,linux-perf,1,,,,,,,,,,,,,,,,,,,,,,,,,,,,,,,,,,,
string,random,orlp::pdqsort_branchless,0,100000,20260912,5,1,7017211,6274261,7016874,74353711,32817258,0,188416,linux-perf,1,,,,,,,,,,,,,,,,,,,,,,,,,,,,,,,,,,,
string,random,gfx::timsort,1,100000,20260912,5,1,12430316,12026125,12429701,70718787,58607684,0,786432,linux-perf,1,,,,,,,,,,,,,,,,,,,,,,,,,,,,,,,,,,,
string,sorted,introsort,0,100000,20260912,5,1,5490886,5188375,5490883,76548382,25796863,0,131072,linux-perf,1,,,,,,,,,,,,,,,,,,,,,,,,,,,,,,,,,,,
string,sorted,timsort,1,100000,20260912,5,1,317274,313213,317648,3177312,1493206,0,131072,linux-perf,1,,,,,,,,,,,,,,,,,,,,,,,,,,,,,,,,,,,
string,sorted,pdqsort,0,100000,20260912,5,1,809224,805223,809599,10478524,3835387,0,131072,linux-perf,1,,,,,,,,,,,,,,,,,,,,,,,,,,,,,,,,,,,
string,sorted,mergesort,1,100000,20260912,5,1,3970891,2565508,3971061,41312618,18173302,0,1703936,linux-perf,1,,,,,,,,,,,,,,,,,,,,,,,,,,,,,,,,,,,
string,sorted,heapsort,0,100000,20260912,5,1,11364747,10455508,11365103,107096995,49167013,0,131072,linux-perf,1,,,,,,,,,,,,,,,,,,,,,,,,,,,,,,,,,,,
string,sorted,brainsort,1,100000,20260912,5,1,417816,410474,418120,7007669,1943100,0,131072,linux-perf,1,,,,,,,,,,,,,,,,,,,,,,,,,,,,,,,,,,,
string,sorted,std::sort,0,100000,20260912,5,1,6259998,5856001,6259207,65056156,29539896,0,131072,linux-perf,1,,,,,,,,,,,,,,,,,,,,,,,,,,,,,,,,,,,
string,sorted,std::stable_sort,1,100000,20260912,5,1,3000275,2936981,3000747,33492552,13898701,0,131072,linux-perf,1,,,,,,,,,,,,,,,,,,,,,,,,,,,,,,,,,,,
string,sorted,orlp::pdqsort,0,100000,20260912,5,1,1021343,937792,1022473,9366449,4695571,0,262144,linux-perf,1,,,,,,,,,,,,,,,,,,,,,,,,,,,,,,,,,,,
string,sorted,orlp::pdqsort_branchless,0,100000,20260912,5,1,906210,776463,906690,9366255,4164881,0,131072,linux-perf,1,,,,,,,,,,,,,,,,,,,,,,,,,,,,,,,,,,,
string,sorted,gfx::timsort,1,100000,20260912,5,1,388593,319027,389469,3353224,1757217,0,131072,linux-perf,1,,,,,,,,,,,,,,,,,,,,,,,,,,,,,,,,,,,
string,reverse,introsort,0,100000,20260912,5,1,5005472,4583257,5004828,56089131,23828555,0,192512,linux-perf,1,,,,,,,,,,,,,,,,,,,,,,,,,,,,,,,,,,,
string,reverse,timsort,1,100000,20260912,5,1,1653613,1381538,1653867,23403842,7698017,0,131072,linux-perf,1,,,,,,,,,,,,,,,,,,,,,,,,,,,,,,,,,,,
string,reverse,pdqsort,0,100000,20260912,5,1,1049633,840717,1051423,12128581,4622912,0,192512,linux-perf,1,,,,,,,,,,,,,,,,,,,,,,,,,,,,,,,,,,,
string,reverse,mergesort,1,100000,20260912,5,1,3728050,3349473,3727505,61591010,17414392,0,1757184,linux-perf,1,,,,,,,,,,,,,,,,,,,,,,,,,,,,,,,,,,,
string,reverse,heapsort,0,100000,20260912,5,1,11592614,10342748,11591896,109093499,52474586,0,0,linux-perf,1,,,,,,,,,,,,,,,,,,,,,,,,,,,,,,,,,,,
string,reverse,brainsort,1,100000,20260912,5,1,876710,806115,877150,12151385,4209579,0,163840,linux-perf,1,,,,,,,,,,,,,,,,,,,,,,,,,,,,,,,,,,,
string,reverse,std::sort,0,100000,20260912,5,1,4908531,4699474,4909662,48081270,22391993,0,131072,linux-perf,1,,,,,,,,,,,,,,,,,,,,,,,,,,,,,,,,,,,
string,reverse,std::stable_sort,1,100000,20260912,5,1,2825510,2547660,2825583,31427100,13286430,0,131072,linux-perf,1,,,,,,,,,,,,,,,,,,,,,,,,,,,,,,,,,,,
string,reverse,orlp::pdqsort,0,100000,20260912,5,1,840366,813007,840530,9916510,3968154,0,131072,linux-perf,1,,,,,,,,,,,,,,,,,,,,,,,,,,,,,,,,,,,
string,reverse,orlp::pdqsort_branchless,0,100000,20260912,5,1,1134144,1102562,1134936,12414204,5177581,0,131072,linux-perf,1,,,,,,,,,,,,,,,,,,,,,,,,,,,,,,,,,,,
string,reverse,gfx::timsort,1,100000,20260912,5,1,1506034,1194286,1506224,13489952,6497492,0,131072,linux-perf,1,,,,,,,,,,,,,,,,,,,,,,,,,,,,,,,,,,,
string,nearly_sorted,introsort,0,100000,20260912,5,1,6254420,5674566,6252875,75217855,29142294,0,131072,linux-perf,1,,,,,,,,,,,,,,,,,,,,,,,,,,,,,,,,,,,
string,nearly_sorted,timsort,1,100000,20260912,5,1,1902136,1878789,1901912,20335025,9074649,0,131072,linux-perf,1,,,,,,,,,,,,,,,,,,,,,,,,,,,,,,,,,,,
string,nearly_sorted,pdqsort,0,100000,20260912,5,1,3914307,3538827,3913888,43506646,18729890,0,131072,linux-perf,1,,,,,,,,,,,,,,,,,,,,,,,,,,,,,,,,,,,
string,nearly_sorted,mergesort,1,100000,20260912,5,1,4601182,4172278,4600130,60284607,20261134,0,1703936,linux-perf,1,,,,,,,,,,,,,,,,,,,,,,,,,,,,,,,,,,,
string,nearly_sorted,heapsort,0,100000,20260912,5,1,9732487,9264518,9728865,107108231,46488650,0,131072,linux-perf,1,,,,,,,,,,,,,,,,,,,,,,,,,,,,,,,,,,,
string,nearly_sorted,brainsort,1,100000,20260912,5,1,1485944,1380471,1486023,20179577,6981517,0,421888,linux-perf,1,,,,,,,,,,,,,,,,,,,,,,,,,,,,,,,,,,,
string,nearly_sorted,std::sort,0,100000,20260912,5,1,6005475,5609878,6003621,63950710,28148031,0,131072,linux-perf,1,,,,,,,,,,,,,,,,,,,,,,,,,,,,,,,,,,,
string,nearly_sorted,std::stable_sort,1,100000,20260912,5,1,3852746,3722640,3851646,51156337,18236389,0,131072,linux-perf,1,,,,,,,,,,,,,,,,,,,,,,,,,,,,,,,,,,,
string,nearly_sorted,orlp::pdqsort,0,100000,20260912,5,1,3643711,3550083,3643552,39793804,17471519,0,131072,linux-perf,1,,,,,,,,,,,,,,,,,,,,,,,,,,,,,,,,,,,
string,nearly_sorted,orlp::pdqsort_branchless,0,100000,20260912,5,1,3495354,3387939,3467579,46377668,16486607,0,131072,linux-perf,1,,,,,,,,,,,,,,,,,,,,,,,,,,,,,,,,,,,
string,nearly_sorted,gfx::timsort,1,100000,20260912,5,1,1445363,1396679,1445242,12590166,7001993,0,786432,linux-perf,1,,,,,,,,,,,,,,,,,,,,,,,,,,,,,,,,,,,
string,few_unique,introsort,0,100000,20260912,5,1,8008240,7560183,8006135,62068470,37948811,0,131072,linux-perf,1,,,,,,,,,,,,,,,,,,,,,,,,,,,,,,,,,,,
string,few_unique,timsort,1,100000,20260912,5,1,9581325,9326745,9578656,71504907,45302331,0,131072,linux-perf,1,,,,,,,,,,,,,,,,,,,,,,,,,,,,,,,,,,,
string,few_unique,pdqsort,0,100000,20260912,5,1,5911674,5100045,5909599,31337514,27637141,0,131072,linux-perf,1,,,,,,,,,,,,,,,,,,,,,,,,,,,,,,,,,,,
string,few_unique,mergesort,1,100000,20260912,5,1,8174765,7648807,8171418,74304146,38877923,0,1703936,linux-perf,1,,,,,,,,,,,,,,,,,,,,,,,,,,,,,,,,,,,
string,few_unique,heapsort,0,100000,20260912,5,1,15803337,15593275,15795197,105533492,75199386,0,131072,linux-perf,1,,,,,,,,,,,,,,,,,,,,,,,,,,,,,,,,,,,
string,few_unique,brainsort,1,100000,20260912,5,1,1966984,1749096,1955744,19474583,9087154,0,393216,linux-perf,1,,,,,,,,,,,,,,,,,,,,,,,,,,,,,,,,,,,
string,few_unique,std::sort,0,100000,20260912,5,1,7183343,7144469,7179773,52981470,34291995,0,131072,linux-perf,1,,,,,,,,,,,,,,,,,,,,,,,,,,,,,,,,,,,
string,few_unique,std::stable_sort,1,100000,20260912,5,1,8202909,7431686,8199147,58083823,38553234,0,131072,linux-perf,1,,,,,,,,,,,,,,,,,,,,,,,,,,,,,,,,,,,
string,few_unique,orlp::pdqsort,0,100000,20260912,5,1,5553783,5221398,5552335,26341371,25986497,0,262144,linux-perf,1,,,,,,,,,,,,,,,,,,,,,,,,,,,,,,,,,,,
string,few_unique,orlp::pdqsort_branchless,0,100000,20260912,5,1,3247895,3029671,3247023,31477067,15659703,0,131072,linux-perf,1,,,,,,,,,,,,,,,,,,,,,,,,,,,,,,,,,,,
string,few_unique,gfx::timsort,1,100000,20260912,5,1,7967540,7603240,7963600,51461756,38181367,0,917504,linux-perf,1,,,,,,,,,,,,,,,,,,,,,,,,,,,,,,,,,,,
string,all_equal,introsort,0,100000,20260912,5,1,3665938,3402092,3665292,57421308,17359451,0,0,linux-perf,1,,,,,,,,,,,,,,,,,,,,,,,,,,,,,,,,,,,
string,all_equal,timsort,1,100000,20260912,5,1,224872,208582,225336,3000875,1008725,0,131072,linux-perf,1,,,,,,,,,,,,,,,,,,,,,,,,,,,,,,,,,,,
string,all_equal,pdqsort,0,100000,20260912,5,1,405696,374526,405859,5801535,1925060,0,0,linux-perf,1,,,,,,,,,,,,,,,,,,,,,,,,,,,,,,,,,,,
string,all_equal,mergesort,1,100000,20260912,5,1,2022360,1968996,2021946,39059139,9515377,0,1572864,linux-perf,1,,,,,,,,,,,,,,,,,,,,,,,,,,,,,,,,,,,
string,all_equal,heapsort,0,100000,20260912,5,1,5268418,4996870,5267034,94703090,24120027,0,131072,linux-perf,1,,,,,,,,,,,,,,,,,,,,,,,,,,,,,,,,,,,
string,all_equal,brainsort,1,100000,20260912,5,1,273474,271752,273807,5600490,1309071,0,0,linux-perf,1,,,,,,,,,,,,,,,,,,,,,,,,,,,,,,,,,,,
string,all_equal,std::sort,0,100000,20260912,5,1,2824876,2769457,2802324,48713781,13180637,0,192512,linux-perf,1,,,,,,,,,,,,,,,,,,,,,,,,,,,,,,,,,,,
string,all_equal,std::stable_sort,1,100000,20260912,5,1,2051058,2017986,2050247,30927360,9752638,0,131072,linux-perf,1,,,,,,,,,,,,,,,,,,,,,,,,,,,,,,,,,,,
string,all_equal,orlp::pdqsort,0,100000,20260912,5,1,428490,403695,428799,5601262,1944594,0,131072,linux-perf,1,,,,,,,,,,,,,,,,,,,,,,,,,,,,,,,,,,,
string,all_equal,orlp::pdqsort_branchless,0,100000,20260912,5,1,602702,484687,603414,7301064,2625972,0,131072,linux-perf,1,,,,,,,,,,,,,,,,,,,,,,,,,,,,,,,,,,,
string,all_equal,gfx::timsort,1,100000,20260912,5,1,191021,189189,191315,3000348,902248,0,131072,linux-perf,1,,,,,,,,,,,,,,,,,,,,,,,,,,,,,,,,,,,
string,runs,introsort,0,100000,20260912,5,1,7071478,6748739,7068475,80329474,33269524,0,131072,linux-perf,1,,,,,,,,,,,,,,,,,,,,,,,,,,,,,,,,,,,
string,runs,timsort,1,100000,20260912,5,1,2279610,2118130,2278892,18074766,10740617,0,131072,linux-perf,1,,,,,,,,,,,,,,,,,,,,,,,,,,,,,,,,,,,
string,runs,pdqsort,0,100000,20260912,5,1,6417391,6394795,6414235,77362906,30799523,0,131072,linux-perf,1,,,,,,,,,,,,,,,,,,,,,,,,,,,,,,,,,,,
string,runs,mergesort,1,100000,20260912,5,1,3508492,3438039,3481388,51405887,16520461,0,1703936,linux-perf,1,,,,,,,,,,,,,,,,,,,,,,,,,,,,,,,,,,,
string,runs,heapsort,0,100000,20260912,5,1,13242349,13132941,13234255,107171006,62977535,0,131072,linux-perf,1,,,,,,,,,,,,,,,,,,,,,,,,,,,,,,,,,,,
string,runs,brainsort,1,100000,20260912,5,1,2677827,2276043,2676810,34675548,12669526,0,1978368,linux-perf,1,,,,,,,,,,,,,,,,,,,,,,,,,,,,,,,,,,,
string,runs,std::sort,0,100000,20260912,5,1,7369357,6689797,7328227,69396134,32966643,0,262144,linux-perf,1,,,,,,,,,,,,,,,,,,,,,,,,,,,,,,,,,,,
string,runs,std::stable_sort,1,100000,20260912,5,1,3797556,3615432,3795757,42849227,17981305,0,131072,linux-perf,1,,,,,,,,,,,,,,,,,,,,,,,,,,,,,,,,,,,
string,runs,orlp::pdqsort,0,100000,20260912,5,1,6339604,6297011,6335892,64553286,30663406,0,131072,linux-perf,1,,,,,,,,,,,,,,,,,,,,,,,,,,,,,,,,,,,
string,runs,orlp::pdqsort_branchless,0,100000,20260912,5,1,6284757,6019075,6280987,75779161,29622987,0,131072,linux-perf,1,,,,,,,,,,,,,,,,,,,,,,,,,,,,,,,,,,,
string,runs,gfx::timsort,1,100000,20260912,5,1,1723102,1539091,1722663,11015612,7503870,0,917504,linux-perf,1,,,,,,,,,,,,,,,,,,,,,,,,,,,,,,,,,,,
string,organ_pipe,introsort,0,100000,20260912,5,1,15820772,15505782,15811514,196608662,75230600,0,0,linux-perf,1,,,,,,,,,,,,,,,,,,,,,,,,,,,,,,,,,,,
string,organ_pipe,timsort,1,100000,20260912,5,1,799863,575736,800487,9826672,3135937,0,131072,linux-perf,1,,,,,,,,,,,,,,,,,,,,,,,,,,,,,,,,,,,
string,organ_pipe,pdqsort,0,100000,20260912,5,1,8077763,7790440,8073563,99278079,38554596,0,131072,linux-perf,1,,,,,,,,,,,,,,,,,,,,,,,,,,,,,,,,,,,
string,organ_pipe,mergesort,1,100000,20260912,5,1,3724552,2772517,3695922,53252072,17047335,0,1572864,linux-perf,1,,,,,,,,,,,,,,,,,,,,,,,,,,,,,,,,,,,
string,organ_pipe,heapsort,0,100000,20260912,5,1,10303529,10219272,10297518,107181990,48464642,0,131072,linux-perf,1,,,,,,,,,,,,,,,,,,,,,,,,,,,,,,,,,,,
string,organ_pipe,brainsort,1,100000,20260912,5,1,919232,611243,919581,12651401,4284827,0,163840,linux-perf,1,,,,,,,,,,,,,,,,,,,,,,,,,,,,,,,,,,,
string,organ_pipe,std::sort,0,100000,20260912,5,1,15216433,14562496,15206953,160938621,70224291,0,131072,linux-perf,1,,,,,,,,,,,,,,,,,,,,,,,,,,,,,,,,,,,
string,organ_pipe,std::stable_sort,1,100000,20260912,5,1,2439963,2375088,2425245,34133256,11350756,0,131072,linux-perf,1,,,,,,,,,,,,,,,,,,,,,,,,,,,,,,,,,,,
string,organ_pipe,orlp::pdqsort,0,100000,20260912,5,1,8583162,8021356,8538679,84647167,40342218,0,131072,linux-perf,1,,,,,,,,,,,,,,,,,,,,,,,,,,,,,,,,,,,
string,organ_pipe,orlp::pdqsort_branchless,0,100000,20260912,5,1,8071595,7812442,8066247,97433790,38408544,0,131072,linux-perf,1,,,,,,,,,,,,,,,,,,,,,,,,,,,,,,,,,,,
string,organ_pipe,gfx::timsort,1,100000,20260912,5,1,641452,590134,641861,7851411,2883317,0,192512,linux-perf,1,,,,,,,,,,,,,,,,,,,,,,,,,,,,,,,,,,,
string,small_range,introsort,0,100000,20260912,5,1,4866466,4593137,4863519,60320493,22568412,0,0,linux-perf,1,,,,,,,,,,,,,,,,,,,,,,,,,,,,,,,,,,,
string,small_range,timsort,1,100000,20260912,5,1,4447364,4218082,4419470,41844525,20244169,0,131072,linux-perf,1,,,,,,,,,,,,,,,,,,,,,,,,,,,,,,,,,,,
string,small_range,pdqsort,0,100000,20260912,5,1,2011874,1927289,2011586,12156763,9359416,0,131072,linux-perf,1,,,,,,,,,,,,,,,,,,,,,,,,,,,,,,,,,,,
string,small_range,mergesort,1,100000,20260912,5,1,6338877,5464200,6302252,65760599,28407669,0,1757184,linux-perf,1,,,,,,,,,,,,,,,,,,,,,,,,,,,,,,,,,,,
string,small_range,heapsort,0,100000,20260912,5,1,10936388,10002016,10929848,102235082,50560581,0,192512,linux-perf,1,,,,,,,,,,,,,,,,,,,,,,,,,,,,,,,,,,,
string,small_range,brainsort,1,100000,20260912,5,1,1290842,873953,1290879,19358983,6002665,0,1916928,linux-perf,1,,,,,,,,,,,,,,,,,,,,,,,,,,,,,,,,,,,
string,small_range,std::sort,0,100000,20260912,5,1,5102127,4540792,5098780,51413715,23783422,0,131072,linux-perf,1,,,,,,,,,,,,,,,,,,,,,,,,,,,,,,,,,,,
string,small_range,std::stable_sort,1,100000,20260912,5,1,5181689,4889314,5178187,52112484,24535435,0,131072,linux-perf,1,,,,,,,,,,,,,,,,,,,,,,,,,,,,,,,,,,,
string,small_range,orlp::pdqsort,0,100000,20260912,5,1,1722293,1699554,1721428,10630267,8184903,0,131072,linux-perf,1,,,,,,,,,,,,,,,,,,,,,,,,,,,,,,,,,,,
string,small_range,orlp::pdqsort_branchless,0,100000,20260912,5,1,1632607,1599230,1632128,12996149,7789308,0,131072,linux-perf,1,,,,,,,,,,,,,,,,,,,,,,,,,,,,,,,,,,,
string,small_range,gfx::timsort,1,100000,20260912,5,1,4001990,3774721,3999509,28223020,18461163,0,786432,linux-perf,1,,,,,,,,,,,,,,,,,,,,,,,,,,,,,,,,,,,
string,sawtooth,introsort,0,100000,20260912,5,1,7080399,7022631,7075350,75351624,34009071,0,131072,linux-perf,1,,,,,,,,,,,,,,,,,,,,,,,,,,,,,,,,,,,
string,sawtooth,timsort,1,100000,20260912,5,1,2358915,1762256,2325583,34783316,10853718,0,131072,linux-perf,1,,,,,,,,,,,,,,,,,,,,,,,,,,,,,,,,,,,
string,sawtooth,pdqsort,0,100000,20260912,5,1,5024468,4958203,5005403,55712977,24070106,0,131072,linux-perf,1,,,,,,,,,,,,,,,,,,,,,,,,,,,,,,,,,,,
string,sawtooth,mergesort,1,100000,20260912,5,1,2939646,2886248,2937577,55043440,13887600,0,1757184,linux-perf,1,,,,,,,,,,,,,,,,,,,,,,,,,,,,,,,,,,,
string,sawtooth,heapsort,0,100000,20260912,5,1,15336496,15104035,15324767,106433391,72403517,0,131072,linux-perf,1,,,,,,,,,,,,,,,,,,,,,,,,,,,,,,,,,,,
string,sawtooth,brainsort,1,100000,20260912,5,1,1310587,1190556,1310090,25961855,6238161,0,2023424,linux-perf,1,,,,,,,,,,,,,,,,,,,,,,,,,,,,,,,,,,,
string,sawtooth,std::sort,0,100000,20260912,5,1,7672346,7101412,7633772,64849340,36268965,0,131072,linux-perf,1,,,,,,,,,,,,,,,,,,,,,,,,,,,,,,,,,,,
string,sawtooth,std::stable_sort,1,100000,20260912,5,1,3475981,3289830,3474038,46150310,16617258,0,131072,linux-perf,1,,,,,,,,,,,,,,,,,,,,,,,,,,,,,,,,,,,
string,sawtooth,orlp::pdqsort,0,100000,20260912,5,1,5955285,5719712,5951724,47612651,27657511,0,192512,linux-perf,1,,,,,,,,,,,,,,,,,,,,,,,,,,,,,,,,,,,
string,sawtooth,orlp::pdqsort_branchless,0,100000,20260912,5,1,5357284,4910632,5353971,56135258,25239835,0,262144,linux-perf,1,,,,,,,,,,,,,,,,,,,,,,,,,,,,,,,,,,,
string,sawtooth,gfx::timsort,1,100000,20260912,5,1,1718493,1513534,1718039,24282841,7761512,0,786432,linux-perf,1,,,,,,,,,,,,,,,,,,,,,,,,,,,,,,,,,,,
string,prefixed,introsort,0,100000,20260912,5,1,14368063,13391534,14359085,81425157,68087815,0,0,linux-perf,1,,,,,,,,,,,,,,,,,,,,,,,,,,,,,,,,,,,
string,prefixed,timsort,1,100000,20260912,5,1,17408819,17011254,17397219,96815309,81050210,0,147456,linux-perf,1,,,,,,,,,,,,,,,,,,,,,,,,,,,,,,,,,,,
string,prefixed,pdqsort,0,100000,20260912,5,1,12661816,12350904,12653392,75370839,59820969,0,0,linux-perf,1,,,,,,,,,,,,,,,,,,,,,,,,,,,,,,,,,,,
string,prefixed,mergesort,1,100000,20260912,5,1,13239550,11811579,13229294,76121560,61675841,0,0,linux-perf,1,,,,,,,,,,,,,,,,,,,,,,,,,,,,,,,,,,,
string,prefixed,heapsort,0,100000,20260912,5,1,24951591,23444152,24929909,106318160,116101181,0,131072,linux-perf,1,,,,,,,,,,,,,,,,,,,,,,,,,,,,,,,,,,,
string,prefixed,brainsort,1,100000,20260912,5,1,2475380,1968327,2474766,21975544,11029440,0,335872,linux-perf,1,,,,,,,,,,,,,,,,,,,,,,,,,,,,,,,,,,,
string,prefixed,std::sort,0,100000,20260912,5,1,12383452,11607670,12372430,70206863,58059883,0,131072,linux-perf,1,,,,,,,,,,,,,,,,,,,,,,,,,,,,,,,,,,,
string,prefixed,std::stable_sort,1,100000,20260912,5,1,11485634,11088333,11475425,59844910,54657492,0,131072,linux-perf,1,,,,,,,,,,,,,,,,,,,,,,,,,,,,,,,,,,,
string,prefixed,orlp::pdqsort,0,100000,20260912,5,1,12389236,12036076,12378680,62387407,57573648,0,131072,linux-perf,1,,,,,,,,,,,,,,,,,,,,,,,,,,,,,,,,,,,
string,prefixed,orlp::pdqsort_branchless,0,100000,20260912,5,1,6561077,6280784,6556213,74280579,30520256,0,131072,linux-perf,1,,,,,,,,,,,,,,,,,,,,,,,,,,,,,,,,,,,
string,prefixed,gfx::timsort,1,100000,20260912,5,1,12335283,11981552,12324509,70810138,58177129,0,131072,linux-perf,1,,,,,,,,,,,,,,,,,,,,,,,,,,,,,,,,,,,
